0.026570803376055017,0.0981388097677656,3.050172577307207,0.1444750384614281,0.24229394198267468,0.11556414089967078,0.0023153344495810417,0.04625,-22.018470535570746,3.2769953643176146,-0.1392151612270385,-0.09109069565728238,-0.639457184585625,-0.050676120792604036,-0.03824835836441553,-0.26506010988960926,-0.1740875485508706,-0.23883838642411476,-0.23128964629617174,0.0863350374833648,0.05179711226820573,0.016506904063924417,0.003711402320674949,0.002277152124009908,0.0013827579804954243,0.0010439780219909248,0.011187743230365683,0.0624511873777949,0.0009720464114160346,0.00022306784874391873,0.008125035490868047,0.0473595941830627,0.0005548725134234062,0.019594457648288023,car
0.025320412628946545,0.11406842351894028,3.0145278493015986,0.13614169283859692,0.23734025152544777,0.07455080003617313,0.012065224475486589,0.0375,-22.044305511958957,3.2198975673807073,-0.12969180001966482,-0.07406087458083702,-0.49942954893684,0.01670162601585888,-0.065542656941075,-0.30331418322036946,-0.2387059813839171,-0.28408489693242345,-0.30015639055979126,0.013677220801235604,-0.05633253490960894,0.008654711792133092,0.002541604329529962,0.0027423722084624243,0.0010046144744226726,0.0009557839265294029,0.0059174135672039425,0.010036797862135103,0.0006269908069467524,0.0001551363042195586,0.004523679404029872,0.11617011261047447,0.00023422931914501418,0.03132869651622587,car
0.02031884964051266,0.13820713510363217,3.141625493858144,0.1267550266119038,0.2331093600727136,0.06591231297781186,0.014791517023795745,0.0375,-22.59994977061583,3.7134755726737416,0.12666465512990627,-0.09322765183771879,-0.7662918819421619,0.20964012609664257,0.17112474489769386,-0.2752955804523581,-0.09853877654370044,-0.3755212176650564,-0.3199933879786182,0.21156223634069615,0.0947718138360935,0.010147382555940849,0.0019212371349449846,0.0008183566976125584,0.001300867468408831,0.0006440362191662462,0.00806990495405302,0.02098838536049594,0.0007373949900736364,0.0004995223652777966,0.0053943322255908645,0.11220110875487488,0.0005180090003710637,0.03029535089132348,car
0.03251015942482026,0.08877299492619266,3.152241005182987,0.114661702802395,0.22604412498415324,0.068813801033386,0.022180161742623106,0.0375,-22.888789994640828,4.004339201117306,-0.17057907206181097,-0.053160075996424465,-0.7890072317566829,0.14817947931384376,-0.00616538000237053,-0.2783633688200679,-0.20959675382526852,-0.3386001333056444,-0.19867903146571061,0.056237746687771546,0.20474739451246965,0.00851331972209975,0.0031500777917477826,0.005806467802048659,0.0008637825478259081,0.0006103064223365431,0.011807030741017221,0.021967295836082094,0.0005351380599392036,0.0003147156306999341,0.006661461776852294,0.09680376061730737,0.0003135851339934999,0.025967698752000896,car
0.03907471084713973,0.06831712110804286,3.2159821075909147,0.15247805881103563,0.24677538993537956,0.14137511806990175,0.00959346965415544,0.065,-22.02798080279565,3.3315118981936322,-0.2446304036154528,-0.15458768739709888,-0.61413779632034,0.050672663641164135,0.1369284592025302,-0.16294624632369745,-0.23761800686912773,-0.3894638418532865,-0.16817281500228962,0.028399901133722445,0.062101206258681825,0.017359158134028645,0.005046780114785563,0.003303484251940765,0.0009420138873107695,0.0010744392094108365,0.021082708342972666,0.030491916978856583,0.0012885958977018393,0.0002917347761747581,0.011801329342091806,0.05253520938769413,0.0005934958892278145,0.01539368414194105,car
0.036573929352922786,0.07449360961171285,3.2151194395701346,0.14290992363592925,0.24245741859623712,0.14214463946145284,0.0011602350826717105,0.065,-22.229765171523795,3.4559602764883395,-0.22950677663664457,-0.15297384676966333,-0.7371389266732439,0.05606398592587813,-0.1584049855473775,-0.39716856624817803,-0.3043674801278116,-0.4492026911056681,-0.15083456664500003,-0.04190838805957637,0.08111519414535606,0.01975811390552136,0.004884904360757004,0.007562006066954089,0.0013797735927161823,0.001089850619844264,0.020319182681884946,0.03912749026059269,0.0007282907948273928,0.00024135975321497194,0.01078217312338536,0.040456597152302085,0.0006245118242899597,0.014061446424755146,car
0.037511722413254144,0.07348490989974725,3.2115055782061748,0.14551486686947737,0.24350433312875955,0.14939724603886892,0.001565873304441532,0.065,-22.095542744543668,3.354583105691965,-0.16701455480085667,-0.1605900243521341,-0.80542706672041,0.12157652368049911,-0.025000374849391487,-0.24296841967612418,-0.228108460996006,-0.5845927251509636,-0.2746320427444254,-0.03513842943502895,0.10545823624124549,0.020936050103133038,0.005459434217375602,0.007015072796366975,0.001329493387300001,0.0010965160839620128,0.023504302547088875,0.026467083694406836,0.0006418736001636885,9.567240256153183e-05,0.00894087997002358,0.05320566571844847,0.0007727410367740168,0.015339003913239535,car
0.03876211316036261,0.07239464440457262,3.2452103822901424,0.12275116615269725,0.23207690909688644,0.12878728751778737,0.0005538723808244543,0.055625,-22.782795922812642,3.971229669732352,-0.23715725077140148,0.07602686478016302,-1.026628187392146,0.23269100016861027,-0.04219782352740626,-0.49787283674127303,-0.22532735920006342,-0.4801402074546498,-0.22970946415882146,-0.07692954017694158,0.23695046523131214,0.022639316702732146,0.005551808823579827,0.004060914400575605,0.0009958586304567982,0.0004894356940843093,0.017926377835671924,0.02917417548581704,0.0008018690049422037,0.0004613540382429638,0.006540975241248478,0.05250555817880354,0.000862693788937597,0.015422416482028616,car
0.025945608002500783,0.10943532228514535,3.1782889481065686,0.11510305896032466,0.22552614220400238,0.07342478453375567,0.002503904734763914,0.0375,-22.67523620761155,3.7994890284189045,0.20843805896344855,-0.056142464766390704,-0.8609643296299581,0.3363519143780191,0.03274877800696742,-0.4943144116803439,-0.17738150703858155,-0.40899434364938886,-0.2769566492892386,0.16088900167222692,0.2541803955158141,0.012724763513064083,0.003958839828927587,0.008703216048354409,0.001405235733520998,0.0010002180050525345,0.010386044560363628,0.020863753758380132,0.0004091322946345622,0.0005421613482392162,0.004729784127089883,0.0927015097633005,0.00026413226898441085,0.024738305113522756,car
0.017818068146295718,0.12948534221688537,3.2049440834207283,0.11840152559153765,0.2272376830540052,0.058117777192609944,0.004359569045060192,0.036875,-22.474598087003063,3.6429305231448588,0.138233160255435,-0.0550829842096093,-0.7618265040292072,0.11841519810989354,-0.04839600453194616,-0.37753280261435257,-0.1144141055474528,-0.37259328992991186,-0.16738991888318827,0.03495511559873661,0.09141806034923791,0.010503036962389882,0.0024691237015423465,0.0010254711522862145,0.00031143510553868114,0.0001408505029833131,0.005929907739313178,0.026480124143169876,0.0003761492835411537,0.0003949019958340474,0.003552024003054325,0.1099331486076328,0.0005027197184469828,0.029966205336887864,car
0.02782119412316349,0.09087230836983334,3.155330752854237,0.12594159530823554,0.23228521701939553,0.10545766826454904,0.010885316798761044,0.04625,-22.556422672650832,3.5918483301146713,0.2783208005909742,-0.012785768720547245,-0.8781142433631901,0.01756023444738294,-0.10179556999008675,-0.32931023247881736,-0.18503835203816038,-0.47859684129422636,-0.2782143921048956,0.24157131539505025,0.21389368176910747,0.02028585068489614,0.006536757667174339,0.0064027525183531706,0.0014937461753232616,0.001378086157158466,0.015291939729904763,0.049665912361150706,0.0005988479306834671,0.0006748731105238613,0.0074896198176281166,0.04197779366299054,0.0005343564912050034,0.016035195664610837,car
0.023757424195060956,0.11461415069559994,3.147899940185164,0.10523266197132776,0.21921291319810163,0.05496452065701604,0.011571349986409244,0.0375,-23.086003452560856,4.158486517216954,-0.09893146117147689,0.06559774460282694,-0.8909811460580891,0.11084206732145822,0.08790677550831039,-0.5034950017116301,-0.12162748956728922,-0.48702223605131534,-0.2083629150089927,0.06363105414818969,0.16597741573003152,0.011677026823367336,0.0023604192291467314,0.0033801390325647654,0.00044790895480705407,0.00022095745404085296,0.007198341161523758,0.01603726775839776,0.0003621594559279293,0.0004862482256171296,0.004517205315467593,0.11247096138611308,0.0005624134370877023,0.030286843254800078,car
0.02750859643638637,0.11019794303630528,3.100351353129716,0.10030165622535968,0.21562909416038403,0.05525733852150999,0.0015359667509098596,0.0375,-23.286507424975277,4.315106139123648,0.06149512596364929,0.1013702903016991,-0.9909576378019951,0.30498004812699625,-0.13734021806521587,-0.2463545501707327,-0.14016940105761846,-0.5757138264081804,-0.06510678057041533,0.32714696920563463,0.035936216473810643,0.010134166542335106,0.0031276889132290406,0.000515594946703071,0.0007414119074122475,0.00036964608548043583,0.008393624491233211,0.02860664969881553,0.00024313474934861272,0.0003080767388259413,0.004436376082007357,0.10884045743381954,0.00044385957265025296,0.029675643432511643,car
0.038449515473585494,0.06508322954492686,3.2191046758083792,0.12966635381949237,0.23552436006471847,0.1336086835916302,0.011465936983109031,0.061875,-22.660086232798843,3.7881736007726245,0.01607593101437622,-0.019961606021880494,-0.751410198668429,0.15471885942325841,0.04961642690386713,-0.04617047894987217,-0.06936262858663962,-0.5922364806738404,-0.1790740633599772,0.14531738649670903,-0.023139868634245275,0.027609705434244507,0.005239854843685185,0.004535579756724524,0.0013788533057365242,0.002622540358114989,0.025301526904418378,0.024359757801034592,0.0005319094863393338,0.0005351621813715407,0.014841760633319065,0.05563103413691932,0.0012764800129939514,0.01615635560329009,car
0.03438574554548297,0.07564781334653689,3.2193278418739406,0.11318081699927207,0.22613207644763172,0.0880321165285723,0.007272120899291628,0.046875,-23.24526940710523,4.2371695353782295,-0.3276718295649045,-0.050975004398120846,-1.125242436134477,0.1975642328623281,-0.15545389791724193,-0.44546133232238,-0.1569547592026004,-0.5760123530209568,-0.21308334705072768,0.07736623305849583,0.0776082676650664,0.013442102240168398,0.0038044082554684927,0.001366295534382063,0.0009868292140113037,0.0007356926878267133,0.016477821825740015,0.03655420041896696,0.00017320135847624638,0.0001413664311650397,0.008917003435836974,0.07200020892516641,0.0004285945995136686,0.020549231010966146,car
0.030947170990934667,0.08276467518026114,3.2616341818967887,0.14897132152789117,0.24457229229664487,0.10743949750180437,0.0024023734063524514,0.046875,-21.97501421926344,3.2174373221016617,-0.2559251551882876,-0.19393427260377605,-0.6128863381787464,-0.04629877158297081,0.055963262671670407,-0.18897717091560226,-0.21833137204209918,-0.4028568712824227,-0.16595231332491728,0.04169828726685295,-0.01809470300652178,0.011649770457252693,0.0035809635590806515,0.009732046840428896,0.0007086312025229623,0.0006957657144713024,0.014943812357819119,0.04704391986068042,0.0002781276057054774,0.000261242908047192,0.011192757004560655,0.05055575274284759,0.0005282180411810103,0.016975188859994928,car
0.03344795248515161,0.07337730403187484,3.274318896002952,0.14187259623327134,0.24195609414237154,0.13014540237974337,0.007917211448186894,0.055625,-22.375513449076536,3.4973604766626276,-0.1882682703740564,-0.1073998043883717,-0.7686455568492563,-0.011769077089756278,-0.21510776377253796,-0.4582229236840783,-0.2538578615521458,-0.5136190962524345,-0.11203468245085965,0.035267875459918704,-0.04954100010867044,0.018624218250500636,0.005394106961331476,0.0035852668724861703,0.0015361920393682947,0.00048743268980609245,0.01984511523828465,0.027457597678375578,0.0007012604207980706,0.0003493444625648537,0.010515161825231437,0.05726842789707416,0.000570470246591508,0.016191185928727706,car
0.035948733979368555,0.07801930761508484,3.155413069642611,0.15659235719260875,0.24785198401221503,0.15227743025991852,0.002191176196735492,0.0625,-21.736483565737448,3.053609788812951,-0.20775007600598822,-0.23499936683730152,-0.7251765670793763,0.00012125907678493782,-0.054708718723373496,-0.2253526074100591,-0.19054926404831712,-0.4511407132360614,-0.22521969357776506,0.0323358763591782,0.043848450555554974,0.016920691741845413,0.0047767442173650785,0.01352698989710046,0.001377959770812287,0.0006997985544834768,0.018425412401365398,0.04144287952056303,0.0007837198100064407,0.0001117897834014934,0.011939553933684892,0.04855898944728458,0.0005069578804273527,0.01566383951517074,car
0.029696780243826194,0.10300051721056688,3.1626280211050846,0.13526450090723535,0.2376686005532942,0.1042003541558909,0.002086242086678515,0.046875,-22.055037918442842,3.4125474753454967,-0.16001058111782512,-0.14721606115095484,-0.6739352861811307,0.018715735878730353,-0.08697378948331305,-0.40725774746441856,-0.23776985224784622,-0.38326621732292565,-0.08474207637811174,0.12394371255322918,0.20292288314137835,0.013779140951982112,0.0040712903887184905,0.0030505712580041464,0.0019971436625350046,0.0010458207578589833,0.015140472081662902,0.07442274903887035,0.0004268043422634182,0.0007393404691914165,0.008118963005879849,0.04158293143231738,0.0003178989904011118,0.02145611155904229,car
0.03188496405126602,0.09597653344318825,3.1806815202226497,0.12838926567613357,0.23468562818348632,0.10672802433993607,0.007354381281730042,0.0475,-22.49519054743681,3.751388385199886,0.03714129825332621,-0.10783164890906774,-0.9270164097771864,0.2648206836365973,-0.09221384109001242,-0.22310445112941746,-0.17876096884277848,-0.4899815791151368,-0.15218499319419715,0.1609342995680837,0.1780104147423485,0.015205870298988145,0.0036853293954490127,0.00662298210339213,0.0015176734196065667,0.0006877890730171128,0.01696636824461097,0.027576841070598088,0.00041731143976101316,0.00038323073313758604,0.00923594625715526,0.07687412389757367,0.0006271499812399168,0.02083148350514387,car
0.027195998749609252,0.11785367191529429,3.085227423839373,0.12241457011607962,0.23002728433309091,0.09387142579349275,0.004415958659634242,0.04625,-22.279323232265206,3.650048334815872,0.21824060331537623,-0.015904459117868003,-0.7901045108163086,0.18971337306061842,0.049654921893628974,-0.24059921971503648,-0.15150200908970443,-0.5298305748072093,-0.18242000712800244,0.28113488986510066,0.2630913004834177,0.012121228270063254,0.0031086170744815695,0.010050951980222468,0.0022147549300253594,0.0015313599170210892,0.013040177940147044,0.06877704352505988,0.0006737025741594046,0.0006744670455230856,0.009211650042346404,0.04678901296633471,0.0006997208700484041,0.02054180786378348,car
0.022819631134729602,0.14171369009584442,3.014386889040484,0.10873462744742422,0.2222908498586759,0.07118899825853775,0.004841789605995716,0.0375,-23.17032457858591,4.0979296665897404,-0.21635663830124557,-0.09339776234424599,-1.3342787978866977,0.23269268370890697,-0.05348101506750374,-0.589374254725435,-0.2231019008574084,-0.4762744423034915,-0.13200890636012488,0.09926735897503579,0.2664023808805007,0.006100303432505646,0.0026019567747833272,0.002322896484368502,0.0009568956193483684,0.0005862466329675267,0.009673570789681354,0.04606451724936516,0.00041136121326263645,0.00016138590100665004,0.007465538717756215,0.07932893228192067,0.00011477458223712227,0.02343906529545054,car
0.02875898718349484,0.10093538912628809,2.942097179541069,0.10835125865801519,0.22195031191334044,0.08148477089984661,0.008156059440076023,0.045625,-23.124151705589536,4.217244783863457,-0.1640385886596302,0.12377941951543112,-1.1213242411405397,0.2870865954810648,0.06978174212392747,-0.4742909763310123,-0.07796907146150331,-0.423176312338086,-0.13885748624163669,0.1041753349789625,0.25088287270513726,0.009837079330140995,0.0019452243705564132,0.003614732091915583,0.000856322784838105,0.00034730341246771003,0.01025277749569786,0.021217650654591753,0.0007517889712637426,0.0005114188358183991,0.00789666755792479,0.1033575160974003,0.0005439690529090889,0.027767483400025002,car
0.03125976867771178,0.05976615498926597,3.18569885846946,0.13030036153706226,0.23642398304290158,0.10986129231731429,0.006520626293464732,0.046875,-23.42687257132245,3.780852470231862,-0.15233854335682823,0.08692197909985352,-1.0987947659320374,0.3625983660730991,-0.18600788530050288,-0.5095888595165834,-0.06513060438866333,-0.3757760100012457,-0.21718602545944082,0.25408292719654113,0.09884473358178143,0.012224533814003959,0.0020964262801151127,0.0008034355886458092,0.0009130410972625096,0.00039574533103434715,0.01593645307351486,0.039688856123242196,0.0012695377878921461,0.000314738522870175,0.012329085964543119,0.059927267757100874,0.00024737250790035707,0.018142495671102963,car
0.025945608002500783,0.03081071164992615,2.954405867466655,0.1397010543638712,0.2398456427215117,0.08520528902476766,0.009829288367841197,0.038125,-23.465727419734367,3.3522962606887154,0.04683732549631477,0.15508445202195653,-0.799049497832237,0.06531686155859734,-0.026598572470904462,-0.44987323280019575,-0.21875700026445344,-0.415681011016185,-0.02326132079841737,0.2366557912275967,0.06084576760807704,0.015908530990496796,0.011714023721997636,0.0009717385192742557,0.0016674638032973849,0.0007061931632476081,0.011003408911350742,0.039625262752564804,0.0014969401561187804,0.0007015014034448079,0.006407026113650647,0.08719300027219692,0.0003184812939979457,0.02432491940888075,car
0.013441700531416068,0.03878715174042943,2.424716918534739,0.12006627231528925,0.22506047876883556,0.030083708402722845,0.010769545869896924,0.005625,-24.56769054849447,2.877010257819038,0.33554454953900653,0.2884538553539836,0.005171810550784695,0.18632834085538136,0.011637162999994427,-0.09772489524357005,-0.23398025020922736,-0.12165522302594532,0.12723972216551915,0.21762293590693482,0.11996991008661152,0.0016911793362331688,0.0037940334399514386,0.02123070180488091,0.0007492073701033514,0.0035115776963281697,0.003037755756943034,0.0615687938463241,0.00034329036941177217,0.0012012937339787011,0.0049994539706161535,0.10209849434198164,0.0007217364166246916,0.030593739577880467,car
0.0087527352297593,0.04356514236896851,2.5006731804625373,0.08562052152468583,0.19803331607055816,0.0063151210006442944,0.030492404935068353,0.000625,-26.541734040791898,3.0770092668211912,0.28060911318588766,0.25323586588002145,-0.06420613823377645,0.05185620384337139,0.023109006667647893,0.02120075252938234,-0.05270149010374524,0.08244450145842598,0.07742207898217542,0.10365224949679142,0.08239415795468495,0.0014570855359956492,0.00022706941166698795,0.002358787370348653,7.262063080824707e-05,0.0011061183049018272,0.0006788161541700316,0.00993267627724341,6.851252326870676e-05,8.613000382061803e-05,0.0006619458066487655,0.15864167511902225,6.377028098535679e-05,0.0435060029662876,car
0.004063769928102532,0.026816426031126123,2.837246396899012,0.12122301387638719,0.2251115670143164,0.030367332542006496,0.028569062577353404,0.004375,-25.137514150943712,2.694546562908941,0.40808513364374693,0.43219241325290203,0.1102347102865065,0.13928463816299674,0.031810814783194405,0.051666572571556546,0.008316048935467812,0.008722432935829878,-0.004442145968998104,0.07833789894994438,0.11712135738989503,0.011953039847911231,0.0002987662096803711,0.0069151259639895725,0.0021786994797011465,0.002207239411745055,0.007145880250041054,0.02081408283218789,0.00022198935718804275,0.0018111552898316158,0.009033709401009126,0.13830718738382788,0.0006829705873092201,0.03709571715304067,car
0.005939356048765239,0.021644646464216277,2.7115555808515115,0.13779663416782179,0.23468377560777426,0.04544694554866621,0.003040623957900013,0.003125,-24.84882776555374,2.428990222244087,0.1602463550334426,0.3117968021645375,0.09188725172088225,0.15281497236640637,0.054578296340750995,0.059451500752434154,0.0150700218590761,0.09743202816145953,0.13256885093567025,0.1434173051740149,0.06819425264900597,0.0057802897936062875,0.0005690065500529569,0.021294256079323334,0.0016109631926506441,0.003803458180591639,0.001048012027964832,0.017053811438377177,0.0003757272311268077,0.0013015898642580802,0.006186410447354443,0.12496097867058599,0.0006439438986055182,0.03367900232909151,car
0.005939356048765239,0.03845692273582393,2.5864488701375143,0.09099153229596431,0.201869444816637,0.0064500548633233765,0.030673279628029522,0.000625,-26.681795010417694,2.6695723637917093,0.27181489534297776,0.3335146451636337,-0.0003607639656919157,0.06416677443336076,-0.004418353644895621,0.012156677725466787,-0.010365729539323977,0.0300355903193694,0.08120455309267934,0.1179260436688324,0.07084960903604968,0.0004032718801664677,2.000565026913294e-05,0.003845067194412824,0.00033879946794967324,0.00023693273444066475,0.0012076836181122493,0.0021153093521333304,3.9366616842163694e-05,0.00018150979534304094,0.0014070073975977016,0.16060833183367454,4.721909151687688e-05,0.044155963763886245,car
0.0015629884338855893,0.03983125009135745,2.7279750635528455,0.10853297023937218,0.21584566342431571,0.011389186997655855,0.01082498740842426,0.000625,-26.11888420287873,2.5610857873291035,0.2806901779216318,0.37501611588167777,0.11132958793834873,0.1360322292968529,0.02370367840460722,0.07964954758458104,0.0707546391699156,0.14264964711663872,0.12521598283470703,0.09383940664728967,0.0651096175272125,0.005227775651838663,0.0005248031050554583,0.0020276034324572304,0.0008047939963503214,0.001184215532682435,0.000462303376683329,0.003145410362227799,0.00013185534465951637,0.00014223700999045532,0.0031479899693145174,0.1599607189577566,0.00016261748825373298,0.04381097661857994,car
0.0015629884338855893,0.029244540749614644,2.734364605746691,0.09337460203269532,0.20397941352154075,0.008211355078655459,0.022216646400809417,0.001875,-26.566583996652994,2.7085137988641,0.31991837710803833,0.3281651751847907,0.01308025933081555,0.09011412823888827,0.05435930025180833,0.11197681160241575,0.0477863022528742,0.029702092602056616,0.048012995762484544,0.11204733992682123,0.08782209489331066,0.0016304798346435372,0.000277258609546052,0.004217825901101118,0.0004983922232033156,0.0008913889512049576,0.0003662892354928139,0.006984278128265283,9.87988021989937e-05,0.00016744971001622934,0.002758471162491773,0.15637523460012268,0.00028350766805790165,0.04281011074655648,car
0.0012503907471084713,0.030637812859167363,2.7333670410507707,0.03546764740978413,0.13649576000757843,0.0007068792752780708,0.026137114691782738,0.000625,-29.94136568289805,4.6789586275850485,-0.0847126569010556,0.1837319379558834,-0.47860849090374713,0.1878431232480005,0.15425007375935726,-0.014088633779043415,0.03831880720306383,-0.04669206272562882,-0.11579837735621168,0.16945077707169784,0.17502636383781392,0.0003320846457307053,3.980473830667029e-05,0.00048198166770182024,5.169971542857959e-05,7.490549405487411e-05,0.0002954345228808598,0.002928305327875009,1.1018367427149805e-05,6.911557860677734e-05,0.0014320857981908438,0.16223569710235952,8.65499591546121e-05,0.044701245447967164,car
0.0053141606752110035,0.012875975151701281,2.242523712240108,0.1330583368257768,0.23218890977932952,0.04459970988970986,0.10428624668463564,0.004375,-25.681663595830386,2.535525633203611,0.23942834146043399,0.3115980409541355,0.04468576695010522,0.13528080791093725,0.09375564981894857,0.12209082315277284,0.05642367996797081,0.09013992280957815,0.12745250755155707,0.1569911383055118,0.09106366142347537,0.007027799441818279,0.0008538190168955295,0.004459273470316324,0.0022108608139713866,0.0086276213761636,0.004260050872963562,0.05676347800178165,0.00039856002550527444,0.001317154630538924,0.011639207367537704,0.11030347737639813,0.001588363856534069,0.03167616042884043,car
0.004063769928102532,0.010590057246758211,2.6149128235854087,0.11394299797414326,0.22029322326707787,0.015649489941988504,0.026126152018993674,0.00125,-26.88962160235803,2.7344677330011535,0.21991993506196633,0.21093678642166216,-0.0664444182648396,0.048513694005829514,0.02623063298921318,0.11411574385697748,0.03961922435520237,-0.04216276820463919,-0.048107333047630096,0.09830877435883413,0.1685060065494464,0.002165177184450304,0.0002919892561849837,0.004918937231192453,0.0005425140778558813,0.0009997020673726375,0.0028461516039738626,0.009684752293252183,0.00016318226806102745,0.00020321348893341423,0.0015441520822993215,0.15322126769845149,0.0005080133878954778,0.04183125575246885,car
0.0006251953735542357,0.026099189534976253,2.6457512272878367,0.05500539731758338,0.1641930805172823,0.0019330350679938877,0.02085299788983506,0.00125,-28.74605141258144,3.374280823674546,0.3094708852688099,0.13130342486096894,-0.09880353097559308,0.1095135431328554,0.05198191657206936,0.07450613983937031,0.05738876400226037,-0.00863729437130432,-0.04495739288465282,0.08175887310221323,0.14981989885628091,0.0006576719191919617,5.1878325250436325e-05,0.0005840766581324744,0.00031963730026023866,0.0007814126139091874,0.00023028988930712707,0.018424269106259567,2.516445973731365e-05,4.472036108307662e-05,0.00014514981826726356,0.14946620889733134,3.969875806413288e-05,0.0410801698619873,car
0.002813379180994061,0.023454329423420194,2.3269939925769756,0.10374606530461493,0.21207297268610067,0.01285143923101309,0.020937123304869985,0.001875,-26.621790940712863,2.462777718438407,0.2089325865475811,0.3703649362420642,0.13173482788511523,0.14939499504094775,0.015403537175009634,0.03133195027502722,0.02017609492873987,0.06922153834953418,0.09478946036406834,0.15220278984641578,0.1267736668021891,0.0011223342607834343,0.00016513425020268414,0.010144206413074652,0.00013968916442424882,0.0015925901700273002,0.0006720699736155232,0.031110537698613803,0.0001247369304588422,0.0005784816035104353,0.0013224466647306992,0.1290499821843779,0.0002333617512895967,0.035522622856243476,car
0.002188183807439825,0.02317456957337935,2.673590415727943,0.12883514454440861,0.22932966543741215,0.03343852666808691,0.00797143051198462,0.003125,-25.232497718521017,2.4365579867840994,0.2421774471641017,0.3857371156426788,0.12306775867962268,0.16332811179169604,0.0780611363909641,0.10428606723538249,0.05428489073847761,0.07736662550326621,0.04246942440637708,0.0514317716949753,0.0441086575467,0.003765217420967704,0.0005436748993067752,0.010250796431996292,0.0009504812041014485,0.0024161327935143463,0.001919713012799201,0.021752917655055926,0.0003796690729461206,0.0009463952847217288,0.007297150318707841,0.14220959515554646,0.0006804573687600482,0.03848570492025711,car
0.0,0.026102068704828497,2.9002991606857718,0.04245863314007132,0.14600385313274855,0.0005980784171546227,0.13936476570802864,0.0,-30.128911763208873,3.4275890655354715,0.3001435895927911,0.28097632966032066,-0.04641947903044216,0.0963548616885715,0.04110497265793185,-0.029035598722687826,-0.025270502697157207,-0.012476571607290227,0.03549606193532154,0.24347427596949706,0.20608175208332144,0.00019046033996283137,3.1395932782327656e-05,0.0009327187850597552,0.0001775120726319666,9.369586544617218e-05,0.0004185178693174403,0.0008264028622112452,6.257259094527442e-06,2.1644557979475685e-05,0.00034121686736637754,0.1652221372883313,1.896784452705934e-05,0.04558911146688262,car
0.0,0.013159526344641603,2.7260420405517864,0.09717486290273411,0.20689506178188738,0.006557882486547257,0.03412419652089978,0.000625,-27.91578895434425,2.578691600987438,0.3175598222947641,0.4026585157642493,0.05428858771137861,0.06387776365705321,-0.002359166585730634,0.1079709143378211,0.08492327327846666,0.06956978842810776,0.03547122124937554,0.04690341531320383,0.09187844616027782,0.001932705710552862,9.291983689095571e-05,0.002730948944035755,0.0004671014247233865,0.001046763047340898,0.0004057702829111356,0.0021997027503277873,3.342873995412729e-05,8.878175628704612e-05,0.0017353969524438455,0.1645970391477782,0.00017468738117901658,0.04522712568529321,car
0.0009377930603313535,0.018845012599930586,2.5077616509224026,0.12646634610522417,0.22784912389005052,0.02352487485703171,0.05522031405283385,0.0025,-26.22709458225906,2.4418068700226216,0.24524523064719356,0.346413976032954,0.07177321750587434,0.13542541149164966,0.07589357214332172,0.10999859113428716,0.0510425542596601,0.05597146406719217,0.0037819213578361623,0.021709406574637005,0.043666675143789406,0.003240478484648909,0.00012182898120592649,0.008062360226987766,0.0010035987964458362,0.0020060684354081346,0.0010907437077348333,0.012863823830003661,0.0001586044106639876,0.0004926767127869493,0.006045349068783553,0.14900338114579922,0.00040994325362777694,0.040465575724838825,car
0.0009377930603313535,0.039154130052274916,2.935495487295823,0.09299685605037267,0.202960737864561,0.005317594301343438,0.08423108983300531,0.0,-26.797636154710315,2.39215197679242,0.2684191041023359,0.45022385698923867,0.2092629882559131,0.2705591527356827,0.14020673453959737,0.09661327780949433,0.013859272145234884,0.030422554585669656,0.01924502238110581,0.04222006916465314,0.022564912959658675,0.00034650608793718467,7.810548542647283e-05,0.001434943344151859,0.00020109862326269797,0.0005278375272424737,0.000316129323759134,0.00884923427824881,3.07825848324736e-05,0.00014493243373233768,0.001164817413493015,0.15868991075843944,9.631299476004048e-05,0.043591739412870964,car
0.00031259768677711783,0.031750458287443606,2.799567699752001,0.11218680743423237,0.21820387196853921,0.012434760586232444,0.016595502038186844,0.000625,-25.928604383268663,2.4215772207669195,0.25256186706401323,0.39862465338204445,0.12247114551322426,0.16369009901265966,0.08090648112905542,0.10402412045364945,0.05626996663062903,0.06488676517621028,0.02488703172402667,0.043197813412036414,0.036172146911372924,0.0016425461559278342,0.00015259979838973546,0.0031823817037927877,0.0008067747326172016,0.001263087255928494,0.0013788891363402467,0.0036889021957117415,7.832113412706084e-05,0.000251525867242212,0.003989680578661816,0.16223717708294727,0.0002322606312573725,0.04444127442296599,car
0.00031259768677711783,0.016302170604654383,2.914168383609959,0.12163693427093415,0.22474958166741574,0.020173632628456548,0.026812913606661853,0.001875,-26.646701458314592,2.4322840786380113,0.28320517064582285,0.41179197540609164,0.1070190934730798,0.13649572473899715,0.05017122241691697,0.08568138855744803,0.05345015668931056,0.08381917445537522,0.050552568077567396,0.04513793942469396,0.022373510252294584,0.004156751843015561,0.00021370166155247852,0.003891222291921666,0.0010377758613169933,0.0017253686955052204,0.0028648092120394163,0.015319688528991696,0.00019807206753436068,0.0004512910460067221,0.006424381696563958,0.15318513191811522,0.00038501589630885293,0.041616384375815586,car
0.001875586120662707,0.011220244709162745,2.606298632347684,0.029815326674796184,0.12469417272933075,0.0002966822516097972,0.10844822261766036,0.000625,-32.33377322267747,4.156434719851515,0.1612554938930218,0.11872648530939857,-0.2682362553278346,0.1429053772354804,0.1758547683140428,0.042757444289309894,0.06646168938508695,0.026701821115329524,-0.06378675209698652,-0.072590245829091,0.008821361789288594,0.0002698512570657134,4.560607420091021e-05,0.0007323951396683507,4.85737924658411e-05,0.00011635988861354272,4.513022302539437e-05,0.0006356654696476974,3.3934930844083085e-05,3.224013454351936e-05,0.00032992656166596425,0.1653262237429824,2.0356503364005893e-05,0.0456363146821476,car
0.0025007814942169426,0.0025935047614022645,2.567307372822099,0.05238744834935343,0.16099946956834776,0.0017952522727773068,0.07114942074497747,0.00125,-32.029601574943925,3.537378820095718,0.23663090745471588,0.18333453755868798,-0.0801071316375097,0.11184141571523283,0.18112016833755393,0.16778174348645483,0.013058047666794066,-0.0313593749021191,-0.05654235382990184,-0.025484237018936134,-0.0320437921895961,0.00025175083438750914,8.06301557723039e-05,0.0019534553364607644,4.209511765232068e-05,0.0009410091163090851,0.0003975200191885083,0.055054668941638324,6.031749796904855e-05,9.606154370580291e-05,0.000769887148956705,0.1121501692845745,7.431977410913963e-05,0.03310659205974963,car
0.001875586120662707,0.0017342307726697333,2.5400655478933594,0.10474172718660217,0.2129936173977156,0.011621798099995573,0.028043124539419838,0.001875,-29.932015385493706,2.5546645519318125,0.2687086439641125,0.3320502971893701,0.08010699437927117,0.18746855905798682,0.16487480214421876,0.2220970491272071,0.13952403978427566,0.09738375233098656,0.015194874678472326,0.015844422458220847,-0.0150018882353164,0.0013018105670930934,0.00010802687475360078,0.0034284557166781135,0.0007320971050424725,0.0017334642775521246,0.0005323735084059541,0.020469831478064672,7.275065447134068e-05,0.0007084671440597464,0.004588327645717269,0.1460337154221937,0.000515899491933409,0.03987188892114215,car
0.0053141606752110035,0.0006225170273301932,1.7745996253140104,0.11441424552447245,0.22016876105007668,0.020309849657722114,0.014113487965420718,0.003125,-30.714502986135432,2.555136601722608,0.2497884283319161,0.35115829431937406,0.078201295334189,0.13002566588258566,0.08653348688048657,0.13486413918378162,0.12542831528319404,0.12571181422610897,0.01936413961705471,-0.011249794295338159,-0.0027905736441613065,0.0006165573774607628,0.00025461061727351,0.020546919387871437,0.0011486610413249864,0.001658463721157836,0.000843765061888403,0.008295797173621774,6.497030749852287e-05,0.001298644877342364,0.013356814556502422,0.14029885705740816,0.0003885292403571939,0.038068630473738346,car
0.0031259768677711786,0.00010510670070141816,2.6182430061696023,0.07028207681444795,0.18285304117916043,0.004755362344139029,0.01810091420038241,0.001875,-35.33608224250574,3.354525681434941,0.5083444248295117,0.1841294950947493,-0.22703364820018487,0.07889649132681592,0.10860585808307599,0.07920215565892291,0.08006168715842883,0.0460063484290183,0.04810380391533821,0.10026339079360556,0.022222549999017977,0.0011152328475977703,0.00010810490485919534,0.006946958325486445,0.0007247419002717378,0.0008334945191747638,0.0011541201728232438,0.09044356475538938,0.00012450352229150896,0.0003367403602511446,0.00038497604055723957,0.07770385839086974,9.22672685810864e-05,0.031052676045641426,car
