0.09096592685214129,0.00014309614241087967,1.438971300963825,0.13975855738578116,0.24228751767745307,0.18749544021328923,0.004724432101355994,0.0625,-29.50793586202368,3.820424670261126,-0.11110403267285889,0.3058308601537202,-0.6002285892383677,0.5907713840456186,0.054586947348440634,0.3891957764042524,0.428594730009421,-0.0710933674655564,0.12649441055548133,0.3208356217577471,0.28937245565134156,0.0591233500397201,0.019148005608886503,0.013836033936307219,0.011383550774857415,0.01424497191931351,0.030070539344087602,0.04407738789333547,0.018071347902242744,0.01631814777597584,0.02064469029678455,0.04682336283588009,0.03675299205941989,0.01498128729979478,sheep
0.04876523913723038,0.00014263705808882928,1.4159937037744903,0.12749509158286632,0.2357826093511841,0.13110561595460674,0.00011344027278354116,0.060625,-29.97790338116902,4.214730565377743,-0.06109000948229682,0.11720641469497688,-0.5786759031840141,0.6342649257448031,0.1528646338852662,0.1584238909204974,0.617217486731603,-0.09894998538979098,0.10780642261531984,0.27328210530914565,0.3948632919406944,0.053143195174470186,0.02206104116024504,0.014695104401580162,0.010172129276348241,0.012194972771586394,0.03166197743902418,0.037350848582275054,0.01911755440431048,0.017517156400332336,0.018968635294056485,0.05108273150493597,0.043537664184978946,0.014594096146961364,sheep
0.051578618318224446,0.0006070161930469272,2.231667550490652,0.17972037795364704,0.2612469712819863,0.46903256686257344,0.005174348276371788,0.081875,-27.069392194252245,3.4165903452718243,-1.3551862206661924,0.8116615062965191,-0.4863310186153149,0.6991357148988387,0.2750055117162485,-0.3864895568066276,-0.6576297078155677,-0.10358074423890505,0.3047402791797186,0.3522886821543389,0.07963421830938018,0.0029057061456594516,0.002259609623416972,0.00643512472791834,0.021658548752538743,0.018184620085941784,0.029974926613291136,0.02597250598523334,0.0013535928908318447,0.0043391016802932485,0.019881821647057374,0.012422104524895363,0.0029116142389426394,0.009890274240992182,sheep
0.061269146608315096,0.002741178100251166,3.0126508297784858,0.1790623780442135,0.25960717594751986,0.262501933332835,0.002301882964581886,0.08125,-25.42415138615696,3.258419489554256,-0.7972111252798284,0.33672397878376414,0.12111953147251253,0.7259209153583224,0.44220554199110296,-0.4680455311985325,-0.56609819323652,0.11818972092448762,0.45169841815778333,0.347730281561644,0.1460667060571734,0.001959813473823806,0.0014473442055708198,0.006927624336306141,0.0581858366151847,0.010596076417401621,0.024858446675979133,0.0052485949257070974,0.0022152823024442197,0.005358921338886326,0.014107074170986684,0.009641099888509355,0.0009739758044323781,0.015424077558397744,sheep
0.052829009065332916,0.005793590405263383,3.239278536286559,0.1617290166154501,0.2553912343415088,0.24023774687589214,0.004016458249447948,0.0825,-25.39615796339834,4.270272811313364,-1.749042769800934,0.9524334184279142,-0.5235850187360295,1.5448444760019315,0.13361169857138416,-0.41851879788328245,-0.5310470858433418,0.35130161868723736,0.41695258618357334,0.4682707855917721,0.00571155008194027,0.002344881170759376,0.0005268795500555479,0.0036607511272244097,0.01564597027844803,0.07429403642147493,0.016864441646053937,0.006735388429814504,0.002803954259554181,0.0050566515270329135,0.008811947866910388,0.0021631027622232213,0.0009717271562638919,0.019577898972914207,sheep
0.04188809002813379,0.016306624909136015,2.983502281451721,0.15533724395698398,0.25121720967118705,0.14226552307265267,0.0041905872633795855,0.08125,-24.33065497898536,3.726134849473034,-1.0289105320689222,0.3290557746476351,-0.06628110202199625,1.364226550552075,0.4640420471018748,-0.5291000359081105,-0.036092561559742935,0.4904234418284003,0.640194641896003,0.2574135021284974,0.3210131612541474,0.002053132219578158,0.0018621352170691793,0.006717853103657947,0.03266484535947092,0.05651739861480564,0.0035346542855755696,0.002875599657938099,0.0015045642135753721,0.0031803045070433193,0.002284193250007194,0.003250313445749808,0.001435446299048539,0.016347836819105323,sheep
0.03251015942482026,0.043730978356745574,3.14590316947878,0.1483823702503727,0.24772847941467885,0.0780745389931347,0.0033835626322239933,0.0825,-23.226357871802378,4.024628713569745,-0.5941663833633112,-0.36168464419725377,0.2438236316738934,1.1991107486913344,0.46697078449312124,-0.39046906865483905,-0.13671692087492718,0.5920435757430567,0.4258388527112646,-0.043517852125139464,0.18600929608653824,0.001904479914433567,0.0011283437605262802,0.0032847602762691966,0.01695721441707441,0.16901284368660574,0.006387886958470049,0.0027071266227786978,0.005867299963919417,0.00674704548257569,0.003138629885333986,0.0016648264497674187,0.0005653687683916877,0.04564307929426445,sheep
0.038449515473585494,0.07491872274812318,3.2925410240646364,0.14814094509761674,0.25047679605918244,0.09370425279028666,0.008888943140003094,0.085625,-23.78599113164007,4.907162691153589,-2.0433744969896597,-0.0011135124058137028,-0.12208983255329431,1.2667592760224933,-0.045450870202280315,-0.1809053999653181,-0.21827025229222866,0.6817839210008787,0.20446324723780784,0.038908088280639276,-0.006215055244555387,0.0003312865921866221,0.00018839934620440448,0.0013764153161485825,0.001991216112457473,0.31401289685870504,0.0034388766318172045,0.0011225199931393375,0.009499295554451979,0.002482225072530481,0.0018374655951425933,0.0003764149631704825,5.9151168402739206e-05,0.08625300075313962,sheep
0.052829009065332916,0.07658946270592847,3.286895123288121,0.16401391714890384,0.2550708590984491,0.14645682774395707,0.0070589869630321555,0.085625,-22.014276538785463,3.7074988020057336,-1.062463826308686,-0.2008856445472879,0.3377938190630487,1.077647370760214,0.17091319817873202,-0.13205908283224654,0.08514448542493117,0.36279540798818866,0.3524330712748007,-0.09821270007307381,0.013313478239383433,0.0006783753387017466,0.0013847984131488851,0.003575554252676723,0.005085307006079477,0.1224838402827648,0.005155367138775556,0.00251928163534074,0.0017255440754344294,0.0007719230489755238,0.0025565915251041646,0.0011448222246844104,0.0006816035860807898,0.03325235708570816,sheep
0.06408252578930916,0.06521330847362151,3.2981246618215314,0.1630657739600868,0.2555371839261916,0.19542927288588036,0.0021125750915306028,0.086875,-22.02783373522579,3.8197081548888194,-1.5479925554720704,0.19955206950740112,0.1668476648619278,1.1904672771148919,0.0447170967381619,-0.1430652168718216,0.1467030055157328,0.38748687137959525,0.5372354409731617,-0.04740792987036485,-0.05171263895386874,0.0011907891658550572,0.002043554626463095,0.003226689416016372,0.004707898133008937,0.06651480623902165,0.033997978629653376,0.0036153010582996954,0.0029011100515622325,0.0012668729634111207,0.0029004797838518195,0.0016535267492365424,0.0011471606014757405,0.01903562271919241,sheep
0.07064707721162863,0.06471565247645325,3.3163131051753703,0.16573873227149863,0.25776072562614016,0.22814082651045264,0.003526346014747851,0.086875,-22.23357566433461,4.276291142402096,-1.9537085243410954,0.3431910721102916,-0.21023096119672216,1.0531713273643442,-0.07779604218165621,-0.35453507540948487,0.03877965417902444,0.43329916811809577,0.5533021661062302,0.004515972003704422,-0.011512034867948755,0.0002680298233591864,0.0035667893895233614,0.0012340624611875694,0.002148310992922194,0.024526058612365377,0.01869760272720838,0.002078091218811915,0.0009010771381344455,0.0010988938729016228,0.004003862018185931,0.00401009495367107,0.0008083493464017588,0.007499002756966659,sheep
0.0681462957174117,0.06402712260945095,3.3174089276412655,0.1655506613376306,0.25753462963073076,0.2599039492281357,0.001779787523039212,0.086875,-22.10608520102082,4.321762730646533,-2.142262818602868,0.6698892539929702,-0.34622874036388523,1.1802088222523504,-0.12157808361040337,-0.4089651301691449,-0.02201588062589959,0.3746156909096535,0.4337400059436937,0.0706774915377744,0.08630992831194978,0.0010570648028320377,0.004374973428467003,0.0019482720606797618,0.002233450485746065,0.02663375138853903,0.011213578598916479,0.0027956023914187545,0.0010821584379638234,0.0009038839676160357,0.004525108957919243,0.0007382947294511726,0.0003802814205808775,0.007164008402943164,sheep
0.0631447327289778,0.05726584615409544,3.306420036774795,0.16963981464409525,0.2591754446540979,0.32092282155793284,0.0013018992526875567,0.08875,-22.379700947032877,4.507192398825844,-2.540847484601499,1.1201608024107501,-0.7559582298884143,1.6263151217880638,-0.36165771375205397,-0.039010618496838546,-0.25638752532104203,0.654289035478035,0.27846487668946535,0.20416966478879997,-0.028832337563866748,0.0006197787616182646,0.003274854417264985,0.0014312615866082534,0.0022898690816341933,0.04349697603666373,0.02691279683771838,0.0019334853203809821,0.0019653919633655552,0.002575317303851633,0.004665018020273328,0.004092889289212961,0.001012543472362618,0.012740639918510896,sheep
0.06283213504220068,0.044608390817072775,3.301093838052869,0.18229839724799834,0.2619444679018107,0.3607766689043684,0.0012491002490798442,0.08625,-21.815708849944425,3.3901238500716797,-1.3381634738540518,0.1370442061098745,-0.011378902036874744,0.8559285016099958,0.011677170948134443,-0.38698184754862364,0.02693464674632885,0.4020429833613431,0.46472378340862147,0.07089981231084128,0.1762383879112161,0.00043894256826685263,0.00280014118126586,0.001778985755666549,0.002554104351849024,0.039305537586240676,0.011008427924574278,0.0029291390845290685,0.0010312460503031438,0.0013066971845295732,0.005335264319088931,0.0021473071709498266,0.0007617916155109203,0.010424483572329928,sheep
0.06220693966864645,0.04257223380778429,3.308577684313786,0.1719427207598406,0.25959388146654544,0.3591805716386077,0.0038556238474720507,0.08625,-22.42502623251396,4.052347094088329,-2.0529360876464984,0.7434037523586604,-0.5511260908073753,1.4913299758206815,-0.19497437928888167,-0.2021105917431628,-0.06648776499406786,0.5429774349734382,0.30830155453995284,0.06236162254914744,0.15271864039048005,0.0009469771103200391,0.0028176509439344372,0.002676185755661613,0.0031311367482089736,0.0536919485227883,0.022073698858231135,0.008624792703537896,0.0010072081446072377,0.0013647834830553321,0.0032207934145630306,0.0022980411392698376,0.0006731630711717039,0.014757132972481254,sheep
0.06345733041575492,0.05418661736414423,3.30446230591702,0.191141331072122,0.2642170446796333,0.37240461344092995,0.003607238196643066,0.085625,-21.65164982726427,3.1538223431473082,-1.2178938941318334,0.027484545280997433,-0.034698295623547586,0.7541172967771087,-0.12387610314862292,-0.46522995133087247,0.13208565213347995,0.43775545098210633,0.3824033705705141,0.11820024726728158,0.1252054631734966,0.0005867901354754784,0.001994223958618552,0.0050337125783527234,0.001459598644280672,0.09628029612879778,0.0012360344393040693,0.019972638982233264,0.00037537115943764624,0.0009339719781125323,0.005262802654473305,0.0014994115342195755,0.000418804994187045,0.026161829476922804,sheep
0.06689590497030322,0.0558264568152882,3.304356350526187,0.17685261802107255,0.261394046904467,0.33831823644598125,0.004393774626876611,0.08625,-21.955272981144017,3.7543236561432285,-1.9846230309515451,0.36724209354811455,-0.45728216131739763,1.1523697043722496,-0.09984150023370704,-0.15368718067412207,-0.006652844336518099,0.3347338336207684,0.4631535517473903,0.1687198767770217,0.10710009607574515,0.0007019391521873682,0.002768166950825829,0.005107295500685855,0.0013737249185686365,0.07320076826703156,0.015245017017422705,0.0013096704937422226,0.0015207229309928876,0.00042316657207367125,0.00492682846734881,0.0002080979271621457,0.00019042883935331382,0.019794355018458103,sheep
0.06908408877774304,0.04677312047378684,3.302015165631191,0.1964534541848685,0.26620147392266597,0.37959867510006984,0.0018430967855678408,0.0875,-21.474529352872047,2.99496313459837,-1.532339645679075,-0.07583725328548199,0.2392814127226926,0.8122466050567139,-0.002033151204467096,-0.4203922024786702,-0.07540862119210136,0.29892392196708734,0.517865525343005,0.1720573782727799,0.07240294317382433,0.0005629020970927595,0.0021513091897894044,0.004198568295833671,0.0021495313432897865,0.0714218226307389,0.0044202264203099155,0.018655102419936027,0.005862601739072533,0.001421384944950099,0.002881058172766276,0.0011105626557335122,0.00041694922850282317,0.019224551533918128,sheep
0.06376992810253204,0.043778040142614494,3.3125777372853022,0.18985746750064628,0.26466888806415023,0.3530415016422382,0.0015388789726907927,0.085625,-21.960603558997057,3.2513316026167107,-1.6083266213267633,-0.12565519948530887,0.060662652945846,0.4896362157307405,0.02396558813123948,-0.2644295924018714,-0.08557466069974264,0.39944325935788033,0.5649870088951361,0.10310729355753377,-0.01970259767551669,0.0011087782424329356,0.0011444878457123981,0.003692452591948064,0.0010109223828181678,0.0703388114553588,0.004406970270270796,0.05661782221053302,0.0006278134824974335,0.0005918569563359372,0.005228414561397129,0.0004767468026809573,0.00047383990321285655,0.023181845157390215,sheep
0.05908096280087528,0.043619547003404584,3.311814611081769,0.18769638839107242,0.26475060375543163,0.3394821677159976,0.0015776448127561473,0.08625,-21.937743382192465,3.3599627315577956,-1.853571726897608,0.12676330390269547,-0.20967294268531378,0.6941428603611854,0.04071450792057252,-0.21869750239577826,-0.2419714949196744,0.277520545071666,0.7088196759872102,0.13365204620279464,-0.05564642186973937,0.0004487229843509923,0.000847623988359719,0.002630051581809053,0.0011002745066870483,0.08366419155027177,0.004878744052776457,0.039049672004036556,0.004839428648482576,0.0004671320470979871,0.004804761583039172,0.0007058439612453634,0.0002732780850878878,0.023950782972542915,sheep
0.05814316974054392,0.035583071023786945,3.266120160004244,0.2036053576826982,0.2683574664936758,0.3701135775158865,0.0030078945612343265,0.093125,-22.49068943853438,2.7224949343204434,-1.897109020121345,0.10245433799915367,-0.2345949436940557,0.783180902455367,-0.1366700494651687,-0.1542620386590239,-0.2566190205675443,0.3504912599028353,0.6847726615050337,0.19519829846364786,-0.004661121323279954,0.000397406321153842,0.00028351802976020934,0.0006543435588517418,0.00036504031167722696,0.09194244978042852,0.0004311271882108154,0.015711858286001107,0.012680981343775823,0.0002374093555705534,0.005177796221196594,0.000180626107541938,0.00020668423987927907,0.025029861431599076,sheep
0.061894341981869334,0.023337090497186175,3.2576820777804496,0.18842113274878627,0.26487076180738106,0.3802028781733283,0.0035773085580015507,0.090625,-22.61244999296416,3.4989702452932088,-1.9882936423064834,0.6176591015195061,-0.5554727996506292,1.1030567853067492,-0.4977961018228591,0.2005654466378925,-0.4964909149004551,0.5545022293323238,0.6369241568343508,0.2918547209765227,-0.22561577128178079,0.0033043948350154084,0.00158820004571447,0.0014984871755299354,0.007854126745013333,0.07441351133448539,0.0013266126938157174,0.00912902229647077,0.026976363376151193,0.02101682308225737,0.008454579631786465,0.0026864602965889646,0.00040304340442230306,0.020105152910945234,sheep
0.06251953735542357,0.024814357557282875,3.251729317123073,0.18832359271273127,0.2644215098426318,0.393137174132067,0.0037557351565456944,0.08875,-22.463676951510305,3.2780280367902224,-1.7262206384271361,0.47093744782807595,-0.21058343251493955,0.8682042723487117,-0.17749053253767,-0.11202207897738012,-0.3027513114534077,0.29027294494846145,0.7315593462754758,0.1881374642334513,0.05417182493096558,0.006170258327699533,0.0004792422704774557,0.0014827282470567707,0.02324468743862013,0.05154327769495189,0.0026727034221413954,0.0014033524995380633,0.0028310082601724538,0.028042738301762505,0.007253637631299948,0.0006453949957838831,0.00014203726323395806,0.015201333961235144,sheep
0.06220693966864645,0.03703963518168831,3.2930575572624625,0.19240526824675003,0.26563840927047655,0.40937606691872785,0.0010350283892974167,0.089375,-21.993891178334724,3.1848274241474432,-1.7461637954827534,0.31211749006732054,-0.0564078424810682,0.6249430895895791,0.05826151199262106,-0.05638902777685289,-0.21850491077677997,0.41526761923684263,0.854210910210925,0.15083532413864942,0.07977871855115,0.00542766723205169,0.0007178512056932728,0.0012522120128563951,0.015030337041100912,0.03236507589255857,0.0016540026633134171,0.0011389696440935457,0.01609463827918655,0.032128254350589844,0.005669231330837998,0.0016693982025798475,0.0011500709865735472,0.011357204230589606,sheep
0.07033447952485151,0.03167760849339462,3.199577838063605,0.19003911522972516,0.2651898224288723,0.44530111030869474,0.0021861917598534155,0.089375,-22.043563558304538,3.2834112596365994,-1.8605429869072003,0.35304047638001695,-0.13232394480492893,0.6132260139495631,-0.12208734751112324,-0.10005488052970964,-0.31771347139846634,0.42889054019970096,0.8071535682684362,0.19163581159351314,0.13647483798537025,0.0050429357088352215,0.0005887139258682373,0.0019060234611296002,0.008331541147292064,0.032297204950886116,0.0036376433431773263,0.003201828095029918,0.022359375733955463,0.0762170391537328,0.006875594384046599,0.0005938094954638025,0.0019261904061402563,0.021040142704564706,sheep
0.07314785870584557,0.019162224896222314,3.239677555236643,0.20005683872552468,0.2677844800544752,0.5904959090238445,0.0034639739085203717,0.10125,-22.097459074134353,3.094606973725168,-1.9244326496080166,0.32822226331399884,-0.22300387497444882,0.5995640531845763,-0.247716978337961,-0.04750597009918919,-0.35909419482263905,0.33092869066684094,0.5617224421935245,0.06864669165446907,0.16936205486097394,0.00149659282969836,0.0022037363786858097,0.0007760970207198078,0.007131391811541254,0.022919919182733027,0.009811790455586342,0.002523994994988705,0.009125839858096023,0.027484404534993814,0.001186643734670359,0.0010354517899089958,0.00044247713782783686,0.008706087505439273,sheep
0.0700218818380744,0.030121779250446304,3.155431461175745,0.20405681672181342,0.26835106580610274,0.5259810507091559,0.0026857379402117827,0.09,-21.87254519641566,2.904933109540466,-1.8046213834548983,0.3695553769826412,-0.21861918066713895,0.5344130169218959,-0.04564825655472219,-0.15462445231849783,-0.2315917853871112,0.34772231969678236,0.7245357019590495,0.1949125410995484,0.14964178497013536,0.0014299203277012694,0.0005596235536219483,0.0001522953074246463,0.003333774079043015,0.02168182675526045,0.0022616433228719855,0.0003104743374243641,0.0011800180437665894,0.036611915272886646,0.00306968765409841,0.0009341964866347572,0.0003595589285330465,0.010841423602560409,sheep
0.06845889340418881,0.042120025061166494,3.2995936905018604,0.19758197523452686,0.26720516213245216,0.48715799988979014,0.0013512233890078757,0.0875,-21.564346030384275,3.2172196337246683,-2.001939913782566,0.7624848624007251,-0.4212826439172513,0.6471187241540753,0.09462838840506552,-0.15035366434085473,-0.21853764658619257,0.3022462486067832,0.7345357003665185,0.2675091876843387,0.0984368141536703,0.0034532888299108073,0.0003777993610173721,0.0007089565663368433,0.0035609425954702552,0.018009782533840966,0.0021258058744395743,0.0022118282182516636,0.006267286230327642,0.06584554788633491,0.0034026521076634046,0.0016967382513367005,0.0004699548412902986,0.01773474772329072,sheep
0.0665833072835261,0.032778998560222886,3.2441450910324057,0.2056495257623966,0.26806322084982703,0.5656462611236867,0.002921342151175947,0.09375,-21.415990113228684,2.809189894278048,-1.5630092846227133,0.5085605394477398,-0.2050865310125179,0.3857603067420805,0.20455249528694938,-0.19454019975723782,-0.18096657612786923,0.49999417462191603,0.7669269125730093,0.40996465991006453,0.05226649128508065,0.005139101707239541,0.0006547567259442641,0.001725367483009052,0.011040524903023865,0.0435834871633589,0.0016796990051284625,0.002384200259445726,0.014766880600265143,0.011824232007967735,0.005462375584927082,0.0037318393723205765,0.0020568311540869674,0.011414228187009686,sheep
0.060331353547983746,0.025055461475380292,3.24665759903941,0.19743601475788433,0.2671512590728668,0.5598790198048339,0.002736848972472581,0.09875,-22.062851949015997,3.1678167345455566,-1.883507008200888,0.7752780867178912,-0.24309344887853127,0.5027540499902384,-0.05356345895019659,-0.1268634866148764,-0.32047132738661954,0.5405435472547614,0.5932003852943172,0.3995925042116476,-0.02006704873629738,0.0027499666589620927,0.0004762182446824451,0.0007611793634789039,0.005314855480487466,0.02056136520849681,0.0015399542613565795,0.0008337956169180094,0.007657009736306372,0.06005156368311319,0.003906448325233802,0.00301936551785089,0.0013825107169613126,0.016271087244238588,sheep
0.053454204438887154,0.027478369733157936,3.22609894943173,0.19047410025506226,0.26571219563582243,0.5398403345549003,0.001212215079785827,0.0975,-22.37850567549848,3.532331264256969,-2.158655650307344,0.8700948552907072,-0.38242531404854485,0.3234136687298548,-0.016085890202054316,-0.1123668584335722,-0.2758268718337383,0.6267068691078491,0.49280740651753524,0.5181509568764773,-0.08091239222165392,0.0012167431717386029,0.0003689916943684103,0.0005250448229058029,0.003236428346553512,0.024996071986922098,0.0007542546789069835,0.0013275230544065784,0.001134423211357465,0.04991881079873042,0.0022973985040251944,0.0014419829866668702,0.00037843109093636085,0.01443593207773326,sheep
0.05658018130665833,0.02155669066088933,3.156520116739949,0.19093748473176347,0.2652997320599481,0.5685804617439635,0.0027351799295063806,0.10375,-22.37701869625577,3.3447337541254964,-1.8749226477979166,0.8385993204559714,-0.2664513133521264,0.37145854147154683,-0.011322164736918744,-0.2055772574999107,-0.22230014412921184,0.6535272709824783,0.3575083193593894,0.5950543725267122,-0.11105640114122682,0.0024131758253382743,0.00022780105617324268,0.0015403173698747773,0.0047064553160242354,0.018196569827287044,0.0008512993503736378,0.002367605307145144,0.004012153499418925,0.09196177700413354,0.005193284148167829,0.0025279329957070165,0.000620358836436188,0.024773089859383344,sheep
0.06627070959674898,0.010545523981214684,3.0803984964035473,0.19614788701595745,0.2664370941969366,0.632933916123909,0.0025890244775437824,0.11,-22.785102667109093,3.1824872315155677,-1.77385281950821,0.8296654778291004,-0.28028257555878233,0.5241763660963072,0.021465105123416598,-0.19007672723309907,-0.251455469840094,0.6501783403912567,0.18363437187669246,0.5458290310625175,-0.08323992989559865,0.001378329509810394,0.0010256587884876418,0.0038610091113987065,0.027320136593651182,0.01474029117005086,0.005263404620051392,0.0034755059275619303,0.010582667197443574,0.037503306495176164,0.0056155047481791275,0.0021169231012483822,0.002941134915665123,0.011054913577967387,sheep
0.06595811190997186,0.009378987572734407,3.162577188001814,0.20700667782776416,0.26844539307558607,0.6437349886212672,0.003515662987612757,0.105625,-23.24087948731624,2.810135547577264,-1.5979814828065717,0.6726725101464957,-0.08772406837259139,0.20087163596023755,0.03293828084331847,-0.4127418769911198,-0.16224708934821924,0.5663247550679075,0.301188020200981,0.3617927076611477,0.06515853685123706,0.0003203083625170245,0.000394756685268789,0.0012788578503964893,0.03448345075918648,0.0006550331370744503,0.0084857119320114,0.007818812406119103,0.009301619757096135,0.021961633343127424,0.001506130707020338,0.002883557747766132,0.004273899991814397,0.009982718434264506,sheep
0.06345733041575492,0.010971461352386603,3.2600742533336686,0.19917325588931706,0.2674096093050112,0.6124860928327275,0.000859082699051109,0.100625,-23.24781677562368,3.114888517914217,-1.8136012424416492,0.8705132366472511,-0.21932770772518773,0.3542081546738734,-0.10301946819163918,-0.4346990399708403,-0.20224296076284057,0.6553713112240038,0.3040581018390547,0.3396306946637591,-0.046026832839986646,0.0003741678657298806,0.0002180047935918227,0.002278464026177273,0.031707619066620056,0.0025926507956390787,0.005286814518984517,0.004766455949097389,0.027072822536043005,0.018127677784911082,0.0024120546808778353,0.005450369206776189,0.004236140263677954,0.010298614599568533,sheep
0.06627070959674898,0.005975980138308744,2.9630594875209693,0.20132247610193957,0.2678856708396331,0.6632105262459321,0.0015000877646337949,0.11125,-23.781433645297458,3.051532525518544,-1.8168246071282625,1.0315714050516294,-0.11865023838400597,0.43018664776609206,-0.16917311103357266,-0.32321848501591477,-0.17712193935742976,0.7356101901261797,0.22172219513986302,0.35922143008013235,-0.022297181796314028,0.00030686243222173836,0.0006412998467055736,0.008840789632052246,0.020955479141054816,0.002122977326442195,0.0064057321173137715,0.002365017233388985,0.05820474812195125,0.042185240249159255,0.0016247952553790476,0.0036588665788857343,0.003760068858558457,0.01794573012899211,sheep
0.06408252578930916,0.001986534724209549,3.2044242573132315,0.20502023442893932,0.26831884418764923,0.7707750455668805,0.0020838675953648088,0.13125,-24.899398891916913,2.8463124535647544,-1.726507481200301,0.8990382377811394,-0.0609430265671313,0.39357162682914626,-0.15110753900667726,-0.08295422550676355,-0.019301534678629873,0.9006892758124809,0.10005629760823058,0.30726803368337374,-0.11690638425104771,0.003237557274005801,0.005771257721475176,0.007070480817963226,0.0021602596093693274,0.005223156639763116,0.013715806332138487,0.02463981330381785,0.009448886881705417,0.017915997091246482,0.002121150584228696,0.0046738718677973735,0.003667541123859168,0.006730479443649857,sheep
0.07502344482650829,0.0008358254941441495,2.4057598185160214,0.1985143543165754,0.26621358513988336,0.7180774480664215,0.0012553885379583028,0.113125,-26.120737845872906,2.841876142236886,-1.4126768116244577,0.9056707953654237,0.41316120090843006,0.2648954204012468,-0.1732213126298739,-0.28751000129385873,-0.08382740954886601,0.814223129796726,0.25923186961312117,0.37854553133504576,0.05829486126634009,0.004822211726022571,0.016017023717678967,0.011404992743631309,0.005604522397947215,0.007177111899397728,0.0023676249743458375,0.02917665381114581,0.02681281520099787,0.019723653203504367,0.004297928945468551,0.010460461912679025,0.004647739444151351,0.008730365693226938,sheep
0.07596123788683964,0.0002729780665748149,2.6768806658102466,0.18333030703619596,0.261541974745129,0.33711748156456584,0.0013064025454968358,0.081875,-27.891659398298177,3.303698561705437,-0.4087275356972359,-0.3388043116777118,-0.9803141817878316,1.2758205634238882,0.26009291291263414,-0.24864115685336308,-0.29529822192291977,-0.019446881092626888,-0.3935808564123263,0.016469312874961527,-0.15137420050067607,0.005765742375957673,0.029442439370845442,0.009450443508260036,0.03890089165052611,0.01649104682262258,0.0058370240050582296,0.01624870581604672,0.0065236599065718005,0.0031557938201893375,0.004536473512251953,0.006503551056760619,0.011883380692879997,0.010543538401804107,sheep
0.07846201938105658,0.0005452662588488102,2.8375919172267365,0.18458705407873874,0.2622291367041404,0.33129882978251024,0.0017564909063024668,0.09125,-26.8593911503228,3.3505899950881535,-0.7219284870536046,-0.3347884512319671,-0.5471048145643091,0.9790543821408901,0.27046853619331845,-0.3614848826165391,-0.2995316518945118,0.3660964455634854,-0.21051998834588287,-0.5327754270978241,-0.25932484438198766,0.014431120728119166,0.015392612678245333,0.021137374795621278,0.023341078368681798,0.0075777679420124654,0.0036822500812386575,0.007801392608007874,0.008365223252911894,0.010290250690566488,0.003270503789951196,0.008521703789677136,0.01336287423442656,0.00604368462934726,sheep
0.09252891528602689,0.0003640908102687876,2.2586860646775175,0.18460733769897825,0.2630948888457462,0.4570488274624432,0.0010607895493841759,0.098125,-27.464791654912737,3.3224772245458465,-1.1697299695989838,0.196251449679301,-0.30034863114899757,0.9182955108624622,-0.021887163852414723,-0.24487959428483883,-0.3996621638320259,0.6316978197215539,-0.3137641948184251,-0.6878429200398567,-0.47870276433964787,0.011775704928390434,0.015107551460617805,0.01119418479388434,0.009779805895014189,0.0054621186953269125,0.006411177631271004,0.008039248358964742,0.011494633969742846,0.0252636260872917,0.015442970482460265,0.014560321651077436,0.005409541626801323,0.005335429827079112,sheep
0.0772116286339481,0.0006496833087110153,2.4226080163171866,0.17369615314050035,0.25954770438586516,0.27849969003945785,0.004510637178468231,0.084375,-27.19028902181559,3.552344103126503,-1.2036748207660037,-0.004864132209658215,-0.14954470784558216,0.8662147918056908,-0.21631107176280165,-0.3430299192962599,-0.7835099226284867,0.37611921947251264,0.4006727786710503,0.3297889493922902,0.09725859595087505,0.0030412087373138936,0.0030550953361990927,0.00528786526117937,0.015621421294594607,0.008208882094337452,0.0225138791751072,0.010748438536214513,0.03749489005061054,0.011137638114115478,0.007060901152502589,0.002828476806092467,0.0034274680038979817,0.009841655451356877,sheep
0.061581744295092215,0.002306788434974432,3.10023091195446,0.16600392089784902,0.25674519043066923,0.18134655239747205,0.0027567929625081197,0.084375,-26.308924394795103,3.773634457336931,-0.9613829265694941,-0.06888125521628827,-0.3619132250175488,1.3889975706657824,-0.2603154719375633,-0.4888123214403321,-0.7714876541427516,0.311836425156162,0.41798843008665826,0.3057050734453543,0.1447383584499561,0.0009242290680230965,0.0007067560070029857,0.010185690802863655,0.024648755709978293,0.010864261419353805,0.04016929033263733,0.0031228527094084636,0.005993191199352028,0.007185031297991678,0.006103991829437373,0.0010267944677357112,0.0032946164438895664,0.011193159984577695,sheep
0.061581744295092215,0.0035053823835152387,3.2811465542608906,0.175498874372223,0.26075851368993286,0.2403400887113744,0.002241171863886845,0.091875,-25.52213627333337,3.658805393897741,-1.364417957478592,-0.010052784180086262,-0.38991039806234334,1.4306094546636545,-0.4332715417969441,-0.5410364577722179,-0.36048590972431677,0.3514552156105634,0.3263061386854744,0.47819926261458434,0.29517721615667886,0.0005863473905070139,0.0003526089446989967,0.0017534151673934582,0.05073125706863108,0.011997795606314521,0.047793394245463326,0.0017025213802642225,0.0066034536683246626,0.01110474375408043,0.014455089969860063,0.00012378800059452256,0.0010115499623783288,0.01721070890748075,sheep
0.06627070959674898,0.0070069490396058205,3.1244916571784382,0.1851796415169399,0.26350352935689975,0.4304250371194288,0.003927332920955911,0.094375,-24.201460313499748,3.4825118329398594,-1.4075897588659612,0.32608481529667466,-0.3576198883431092,1.345888035538209,-0.3577763949500141,-0.5190007750533855,-0.03752921997373,0.5495263255930716,0.18235196806478984,0.23376312183577566,0.3650070984823489,0.000406142403160931,0.0012006831633990522,0.008740069431795219,0.022066135162417757,0.004907434321521578,0.008436793220731511,0.002304138460430606,0.01824526988468244,0.014985861361611195,0.06248171874617622,0.0015181543629764734,0.0025514061021639214,0.0166188751442234,sheep
0.06345733041575492,0.01581133581158577,3.2314167544809775,0.17461457392255772,0.260261723213411,0.37159757111199393,0.002289732355498659,0.094375,-23.252311734288828,3.802697763024833,-1.4948391809767145,0.17695129525809097,-0.6196719416748673,1.4198275908211404,-0.10883782378550501,-0.37238574035032157,-0.07194573038555382,0.7541595436830725,0.13303631014673734,0.0857943940957585,0.29560297682250264,0.0011438459276609993,0.0034307503155830807,0.002903511862353913,0.038319550114228995,0.013180750228834965,0.007154332860243167,0.004202259062336603,0.0042930331624133075,0.014691043396213233,0.022314534531219354,0.002831115660892103,0.003839000816280098,0.010492483488654161,sheep
0.0631447327289778,0.02073012915433011,3.3129935317385426,0.1644173459103012,0.2571860209922527,0.24873977352474289,0.0029326517689490703,0.08875,-23.33658522086467,4.342342561414319,-1.5654389209357238,0.06967264307505515,-0.8496397283773452,1.468888879280283,-0.2680160385031765,-0.3119432832545471,-0.28401842442507896,0.7708519900703027,0.09733797048051367,0.1816680282532933,0.34395233125298863,0.0010116720674813282,0.0024901803116099725,0.0005035743366230301,0.012858337284466887,0.0244071359621495,0.003668931321546787,0.0019630522897017342,0.003271163528856774,0.027192641991979124,0.003397330919247055,0.0036944591162308303,0.0036841990981144016,0.00879068955628372,sheep
0.06595811190997186,0.019985591220340708,3.3064760956196575,0.17311349861740982,0.2578780134402173,0.25330934801429095,0.0035822520126332995,0.088125,-22.92968264761246,3.545458847156011,-0.7918371135974136,-0.4823182986878156,-0.0003697959457560365,0.8223422024767967,0.02062812587012799,-0.333585678980557,0.09337813749354111,0.5260363912185502,0.33179515815072175,0.1999235235467742,0.3005738363875607,0.006252463325287466,0.001060245179840048,0.0034861470443869544,0.025677974600948485,0.036803724110618816,0.002663896040529062,0.003424022895127649,0.001212740790918734,0.03226159954273716,0.0026278793166081937,0.005316498150526284,0.0008240261690881092,0.012684485897840162,sheep
0.06627070959674898,0.0249598320461332,3.281735218813618,0.16209386351452648,0.2562128586815807,0.2712110643023924,0.002335646872221637,0.08875,-23.415028995978723,4.3382630030373655,-1.4047187003976125,-0.29507701790221996,-0.26735101117024734,1.2730916639881973,0.005384857020236288,-0.34161151846183946,0.04683603781152645,0.7078405639318188,0.08976387738803063,-0.010707725971128691,0.2966797841827076,0.004874922630293389,0.00044649895073552723,0.0011285616511563547,0.019438426098808994,0.041648162214084516,0.001032092261100871,0.0027152641354397707,0.012897290537322864,0.01950099469505921,0.010281046155461156,0.006480553817310638,0.0006549753206323915,0.011614561906097344,sheep
0.06595811190997186,0.0366133768104144,3.28254253866965,0.216273761515692,0.2688731679202567,0.44007182766350295,0.004954037774241245,0.090625,-21.032133265220672,2.628050929352676,-1.2398431032733397,-0.4807022399738738,0.02727535317016602,0.49789094423137076,-0.021567598211955565,-0.35498820702961853,-0.04078069108249186,0.35294222213168813,0.3587435584947694,0.18303562524783673,0.08870603410463113,0.0011447374056133967,0.0008620565860217012,0.0023306264806487002,0.0024728774163633948,0.04201789565993908,0.005958853366442124,0.005977252084320539,0.009973181535850086,0.020259404102945192,0.0130502872175657,0.0029577302040298204,0.0021923917470204096,0.011366769337485098,sheep
0.06939668646452016,0.049459070572572934,3.287298310759335,0.1760236345170101,0.262184102492143,0.3221701427848169,0.0031414457578167886,0.09125,-22.267818347578977,4.142458354050631,-2.272827783923704,0.22436904419207737,-0.23775315251011891,0.8420535017046307,0.137221070334909,-0.4097520835650997,-0.016507623379836772,0.5663472042321877,0.2788628360521089,0.005716500671198975,0.04998903228612466,0.0003983182611931311,0.0018290057947284023,0.0016087186614987935,0.0015806629805787985,0.015133513995164665,0.021602535716025453,0.0038586143113151818,0.0005813767733462758,0.000902038275609554,0.010947169186182297,0.0017104389595233402,0.00031262547063833036,0.006699001217297187,sheep
0.0647077211628634,0.05824715593573588,3.3103933324055994,0.20500895528029625,0.2676915386263057,0.37845181927789173,0.0029997878347333327,0.09125,-20.94527154558246,2.911166047236125,-1.435223897547226,-0.5440794683439163,-0.10117546567478655,0.3939990906376427,-0.0753470363832301,-0.44492655811228465,0.0682665094955297,0.4958449722463509,0.30233544818896,-0.04795450150064519,0.02135670486735638,0.00048444084001473555,0.0007916713801742248,0.00078323672429784,0.001077259318522697,0.018319514368756333,0.004534233310555163,0.017826679801801915,0.0016550747473113732,0.0010431511759696453,0.008965654073436533,0.0009574194952805549,0.0010034433562514243,0.006375477399438946,sheep
0.05908096280087528,0.06931702245093568,3.2855154611166717,0.18696946323550587,0.26492036035506733,0.31871546214779284,0.0016837598658403406,0.090625,-21.121677633696326,3.337549108021829,-1.7350068988783438,-0.26519971763441985,-0.036076705267119126,0.6821621851759978,-0.01524234050589047,-0.2707761784400174,-0.36054279372225495,0.7603837023382078,0.48656182654194535,0.0005417611637866626,-0.13899786745045695,0.0004138505848908066,0.0006192636851950168,0.001617230601134273,0.00031630460659938547,0.014795481987979003,0.010888172696632331,0.008149180705252813,0.005156187233512671,0.0010843790521656693,0.010604004558048448,0.0015892395792472698,0.00027389945006815796,0.004942938451311949,sheep
0.06220693966864645,0.08309223149103245,3.2976851478858005,0.20078646600623684,0.26782994944449107,0.45487293588695304,0.0024538425786148803,0.09625,-20.519853838050732,2.9396991051413104,-1.6696551805137332,-0.19424429659175832,-0.04511165597165153,0.362268408522652,0.05672863156310347,-0.1743795368508379,-0.4704197581433275,0.9018809280763029,0.3052686184769391,-0.012652562553736863,0.012613051931760221,0.0003607616446812937,0.002341535313678109,0.0004820500844268567,0.0007033138131326952,0.00442536169577715,0.003813526263871422,0.0027592171664585713,0.0005146654230280761,0.002244549944796192,0.024973577721991484,0.0018648635605507033,0.00034186085048361424,0.006539717956803064,sheep
0.0647077211628634,0.08227494388412143,3.3119837356963187,0.20905353771354815,0.26924915135153515,0.5117764822457538,0.0037754861836998667,0.0975,-20.57380642146716,2.5859663465636555,-1.6030707609496169,-0.0823133961805312,0.12963789349563165,0.4385957746803579,0.14530525227137125,-0.11457070247429844,-0.4013543887633681,1.0471740243999987,0.3815167289078367,-0.12152728753811222,-0.24382256398354296,8.218847837061255e-05,0.001499604893514636,0.0006212984916348303,0.00018866898482732499,0.007890285012710559,0.05292179901886254,0.0011155141376545238,0.001944059299503043,0.002582547005824662,0.02411514804682415,0.0025642026534653415,0.0005877240728602729,0.014988871115281107,sheep
0.06627070959674898,0.08521504718843026,3.3077502835962873,0.20754592759898655,0.2686287992095373,0.5086434045909773,0.004173465080296518,0.0975,-20.555489712614673,2.6025557316088688,-1.492769249134464,-0.11813578278453488,0.09436458431651273,0.4519556700608544,0.0417988359730847,-0.0637440301892764,-0.3460202721983966,1.0064362226214456,0.57060660484827,0.05633160921055312,-0.04128917999163292,0.0003925963544764315,0.002047426278058598,0.0006815018279472659,0.0008470630379148763,0.005467770622178516,0.007783641575316346,0.00171703428867044,0.0011898138432725378,0.001747318923681173,0.025691783985814395,0.0030948460009330558,0.0008290505976125884,0.0067874030902120314,sheep
0.06439512347608628,0.08156208212703443,3.3002603974208315,0.19838207901421695,0.26686614290386573,0.45961231909828404,0.0026004894376268567,0.0925,-20.54999972781254,2.8420407641973755,-1.5175524125381579,0.017747649195951905,0.16480422284412538,0.5456428862814142,-0.09361115480664772,-0.14205186039775666,-0.39492458262389507,0.8414385710816896,0.47827531455487465,-0.07809298433026166,-0.12419407021269174,0.00033609540743263804,0.0022663074681635387,0.0015490653938303766,0.0007024033253473698,0.010863692737941076,0.023708227898154532,0.009418275782120641,0.001056115258624411,0.001749160956256981,0.017964375541061988,0.0022290711713927915,0.00039363836363037513,0.0074951179888939875,sheep
0.06752110034385746,0.08142959401689655,3.2998911051412945,0.2070030246457473,0.2686690469846138,0.5125786876064357,0.0012510809689944837,0.098125,-20.24412909970944,2.6427481497555636,-1.5325571780176068,-0.018463396723644266,0.14982332950711427,0.4795688076576578,0.03687564439278866,-0.23990364077870002,-0.30967343033047373,0.8317108897532083,0.5054811192346474,0.05266681619051767,-0.24885327137682955,0.0003721002430839134,0.0025466395252359314,0.0011897506875050699,0.001031814379100138,0.00964723571169113,0.008907696648960392,0.0024346176469072817,0.0013453870189102783,0.0019334388497982177,0.03695609082986007,0.002780776332491523,0.0010643462927063304,0.009818470010681233,sheep
0.07471084713973117,0.08972645551357267,3.318218302798255,0.21844484798310337,0.2703728864140401,0.6144654238978354,0.0015899202318263804,0.103125,-20.196367443047023,2.3684705467191187,-1.5342035395203535,0.031979221184767107,0.2183549992140843,0.3438744693317728,0.05908258196334045,-0.34294377073355303,-0.4278663005128917,0.8971924915811227,0.38040747255882484,-0.0645410328513096,-0.2836727055509035,0.0002963019580671101,0.0017704151166018992,0.0005943302071950702,0.0007415306770608917,0.003311291632134064,0.0076112336081503055,0.0032743746202500076,0.0012169683327066735,0.001278001108629068,0.04299159261737566,0.0017166094287253228,0.0005347466309074969,0.01148411371285498,sheep
0.07221006564551423,0.07810259012982236,3.309155186550063,0.21000328058718787,0.2688510937304221,0.6036928648209966,0.003821211192712716,0.103125,-20.675896153270028,2.6496679202591227,-1.4461094017753033,0.09420128364651749,0.3822977066295691,0.20947338789750156,0.13976001060515011,-0.27404041512761534,-0.30901730087991003,1.0202708348832186,0.37201907418257324,-0.1730286519800532,-0.31574969028964095,0.0002380661577212454,0.0023051590666471724,0.0006626937817129264,0.0004766258224824389,0.009629194852443922,0.018776171606263853,0.002045042291550634,0.0012139056763316102,0.002760422589265988,0.029157422840913428,0.0031827726410590157,0.0004910195235925031,0.008687870221727099,sheep
0.0647077211628634,0.07547464509401686,3.3116235945265102,0.20659578722458594,0.26861775853830555,0.546451660405457,0.0031464097330496247,0.096875,-20.485861455417243,2.8090802372553028,-1.5601269264088775,-0.052593625542470754,0.13715179867702124,0.09403203951504643,0.08501777533276277,-0.2106016564669909,-0.3951356229896104,1.0070971346838478,0.3555206012262895,-0.07163492134772269,-0.18538656004505627,0.0005594705712658379,0.00043537825891082273,0.001990023383976304,0.000645620019109218,0.02240831105788926,0.003722061766010629,0.021808159060450423,0.003834657972692019,0.0015700251628787154,0.011443232567790345,0.0017053340194419788,0.0008835206872278743,0.007789499076125878,sheep
0.0647077211628634,0.07162509471300985,3.3031379834572494,0.20125224986921478,0.26769628754752534,0.5005860905060914,0.00136067845688169,0.09625,-20.73341323255452,2.946671928918989,-1.603315541771363,0.1873505910681799,-0.021020369577326684,0.10092176225078518,-0.0319646669715487,-0.1523017916584764,-0.47819820851689837,0.9244418987475629,0.3989701739614703,0.014764903123652565,-0.22633863338713828,0.0009988181912689925,0.0009799416450970145,0.0016675744094706338,0.0007730491008499219,0.022694227276035154,0.00045288331105349655,0.03131585502195819,0.001888847874868778,0.005190780760929263,0.011549911803544569,0.0017256143553610083,0.0003426036064680229,0.009748975340168208,sheep
0.06689590497030322,0.06331787202486766,3.31036910473843,0.21353307071214125,0.2698920569006215,0.622248826579779,0.002568541553268273,0.10375,-20.580099167423672,2.6030598650473356,-1.5814362185159982,0.4510603590219791,0.08361691980444533,0.40413955555469167,-0.008291332153924672,-0.3096271090830997,-0.48302503368569616,0.6522547318390973,0.502770265901285,-0.04408405284167719,-0.15451467122496412,0.0007874158632642701,0.0015285782367719073,0.0017855161890626024,0.00026937082639717,0.022767689314294903,0.00557937289252459,0.009866017127423188,0.004989427081336444,0.001558617614782798,0.022563382610801406,0.002609413798057709,0.0004571600851763661,0.007803424868210153,sheep
0.06908408877774304,0.0642655076448546,3.3078565888145386,0.21888840986041366,0.2704353432214466,0.6984011606056263,0.002149062656991412,0.130625,-20.45830732406751,2.471203231474116,-1.5086869083707828,0.3837999604057223,-0.07992918561841558,0.20234410288794033,0.0023591607845516085,-0.2977453920458364,-0.3300633483698543,0.7262745919496543,0.47443055527563244,-0.15092705583213153,-0.21540406749559368,0.00038230201943052067,0.0005374458941876139,0.002229129105196364,0.00013333420157327533,0.021942941051909706,0.0034023804172695856,0.018351918965388705,0.0005684176916693136,0.0029202435815447107,0.01236184928715398,0.0011753186045628428,0.0002465351993078827,0.007384484404533261,sheep
0.0700218818380744,0.06964283882829406,3.3090020588677658,0.22156378195531562,0.27113816337573104,0.6425910448336454,0.0016721955946638895,0.119375,-20.497332021281263,2.3999571802183395,-1.6881390792869992,0.3106023766692803,-0.014928650325130716,0.14547974595011715,0.0635691385538122,-0.41054883386491364,-0.39825374384450574,0.6761181228336822,0.5756277227812289,0.0567878151686071,-0.19771413974953053,0.0005787357014563558,0.0006670453051280098,0.0012357845025630734,0.0011789492358790805,0.02601095186788271,0.0014742572299141661,0.014611909494256692,0.013293312225581728,0.008332455406222213,0.007186968711992127,0.000885382353830067,0.0002198733818123809,0.007731651889414846,sheep
0.0631447327289778,0.06980377589338016,3.3145842943984816,0.21354991476810456,0.269698039491406,0.5666116260922962,0.0013373019556642087,0.096875,-20.556664547811675,2.606186413267361,-1.5669551596284517,0.19833733272090173,-0.1458937454445848,0.08649761895008849,0.14492230377853887,-0.3999809261634567,-0.3535087332764386,0.6269772661547619,0.5963475401297964,0.13672051433629034,-0.3471428224003846,0.0015445837326372007,0.00017820406094812258,0.0008139230696259045,0.001497751504739528,0.02524624199838119,0.002141150916683874,0.005094680367303672,0.02187293495806686,0.011855215895621083,0.008786909152995901,0.001924919399540368,0.00024043168501993603,0.00828537147165609,sheep
0.05939356048765239,0.06303598609725858,3.3100800002654864,0.21136743300437277,0.2694664501405345,0.553299850138328,0.0011038494956628997,0.096875,-20.50959881588406,2.602882751341991,-1.5973369157928807,0.28542132542820237,-0.1452086910450914,0.30096782764785,-0.012693673907124678,-0.2781202899870023,-0.41273437382560707,0.551260416250865,0.7023691760895124,0.043608162157022685,-0.2438005769759876,0.0009635127172454432,0.00037473251105682876,0.002000758583072412,0.0008091949491931124,0.027035639423395565,0.00816212083047226,0.006750426172620916,0.005136159277640804,0.007106030837643146,0.01214749214181929,0.0015751879031271287,0.00012138277835821784,0.00731197514802325,sheep
0.05720537668021257,0.05492525908011331,3.299464904145602,0.20714554799910592,0.2689869733035853,0.5923188114244448,0.0006132599300511507,0.10125,-20.489598797505547,2.811411183513819,-1.6562423371370814,0.393609030944848,-0.40016629933371617,0.242175140413749,-0.0347428654601255,-0.20478331283487394,-0.4143371803947719,0.5385255905488233,0.6936535331376825,-0.027476623949696154,-0.19151624804595582,0.0007204552117774032,0.0004751448134970992,0.0020047402420956427,0.0011911487455142148,0.026102901664421696,0.008069692580675117,0.010413170753052524,0.005341564063119193,0.008770022926706101,0.015907167687685582,0.00161402044352198,0.000722776436401991,0.007480291500066432,sheep
0.05532979055954986,0.058923571000248386,3.2942333637213372,0.2138603285885803,0.2691876218014709,0.5591623771505616,0.0029733471745287164,0.095,-20.8795802313649,2.494145562314819,-1.2948996983593273,0.2291852536887302,-0.23444429341173056,0.2151739511012627,0.1318887117568756,-0.288656714174653,-0.3541198819980957,0.597690089696973,0.6862018762897708,0.16649392349524994,-0.12122744614414968,0.0010326939296384776,0.00024618418470431276,0.000370679813609894,0.0008893439312762288,0.028308117504409223,0.0006088287187781159,0.003812505979096358,0.060149087977303166,0.001787457671077058,0.00817996421035842,0.0010580332834612333,0.0002185351434174966,0.0172226655179939,sheep
0.06001875586120663,0.06097379725853565,3.285514380740868,0.2204979578296802,0.27057564448667676,0.5607362466085082,0.002105105569843425,0.095625,-20.969389652349548,2.338502898428531,-1.4300995121230886,0.3023734549874258,-0.312963954328447,0.23418775208010909,0.0464014390784375,-0.17538931034630048,-0.4503750971195605,0.5672301277524142,0.7717826061894955,0.07853142444801188,-0.21729880441685273,0.0005234010223730699,0.0004115626610336698,0.0005435743830980817,0.00041376178083545837,0.03220702107931216,0.0001895764957769874,0.0053255471760447265,0.012316833864010723,0.002256786528863284,0.006475226610140176,0.00031798519060406076,0.00022830361827711113,0.00891282387893505,sheep
0.06283213504220068,0.05056378425239744,3.2912368644110517,0.2098545474636189,0.26924573828663523,0.6294073175794028,0.0013803692082885177,0.116875,-20.726604955694693,2.7419762557112595,-1.6352210517105743,0.5033086304915364,-0.4484358839493084,0.44626130786639023,-0.215452738469083,-0.1298544906041895,-0.41286152456276476,0.5443116845321578,0.7629093675650139,0.10114021817533596,-0.05648316574502493,0.0009046840005444352,0.0007642612911956215,0.0011121641938011048,0.0025737412466040888,0.029763065858108635,0.0009064587445929421,0.004809692978061125,0.0030868910532637775,0.012130958883907281,0.010251455740625618,0.0022398616799543703,0.0005109843461267059,0.00810732292294722,sheep
0.05939356048765239,0.036611901315616084,3.2234636176851734,0.20998608988174838,0.26936414260345926,0.722878652690513,0.0026189303342394367,0.12875,-20.99020192961039,2.9065395951705093,-1.7877344679427336,0.8518784994841349,-0.7171895168418324,0.7406523298553273,-0.46616270495616224,0.14106771415410066,-0.5309443351845994,0.6617008401714669,0.6068091599392361,0.2306795202644255,-0.11228441176161671,0.0020208600472953657,0.0005666133115492887,0.0015530468341932563,0.00689369557820272,0.009140228629188502,0.0028724225519823495,0.00248512056259316,0.008621085561960243,0.04501031612337994,0.005201979268720553,0.002141162836030735,0.0007502351061463602,0.011727074870273928,sheep
0.0578305720537668,0.01791647469317947,3.126053035780536,0.2152901918494454,0.2698243966280985,0.9168985859611369,0.0018135976393230198,0.144375,-21.55966043777728,2.715278574717192,-1.607227277752344,0.9532113381793561,-0.5677466477913775,0.6705657048434132,-0.43760666023652367,0.21649625518447055,-0.499331307745495,0.6173254152906702,0.3665700235040872,0.3156487050998902,-0.08435060172807467,0.0005828282351321408,0.000922938519451505,0.0030572401445607207,0.020496777780307635,0.004492612381981438,0.011371055657409318,0.004584935880985257,0.01193044417565169,0.03407210039978589,0.005594996026910229,0.0018146351495128758,0.0026530281691232865,0.009514353058959918,sheep
0.05814316974054392,0.007674179984035626,3.083174548611543,0.21229780560436678,0.2690614866306966,1.0120286230753746,0.0015917723788133045,0.153125,-22.6876563455252,2.876844677958112,-1.6197336477563167,1.3525013986267032,-0.4693100461832806,0.776786872817784,-0.5341362622859851,0.4124710943440414,-0.6091798917602584,0.7515700637290743,-0.0494460625516662,0.4718444751285436,-0.17183224836190156,0.0019056644567260407,0.0034348146838057737,0.009092799165875224,0.0074937138107922675,0.004850798881263831,0.014245686029140052,0.0189592456896349,0.04650685992940257,0.011952764698306887,0.011292110229917258,0.007059536564645218,0.0037584478793801844,0.011515096376354712,sheep
0.06345733041575492,0.002405298097642923,2.4589997011066598,0.21455804282460528,0.26880983212301207,0.8958135915058894,0.0013392361048051478,0.1475,-24.37539867491854,2.477821772877147,-1.0838803289510492,1.3096899584375787,0.0449900131799358,0.3667972031318033,-0.2209015138866913,0.08378803954442407,-0.3925691204619431,0.5958492893266545,-0.17297060145802998,0.2983871660493259,0.006331330903693129,0.004322579836435452,0.010558080217324019,0.0011517995174061394,0.0036877992391872077,0.005792149816684224,0.0853260446779965,0.015101794729363531,0.014277609982846629,0.007339355829532359,0.030231503083086485,0.0028361998391730515,0.0082547401343089,0.022289974947600502,sheep
0.05876836511409816,0.00014393109784115844,2.561407875732561,0.2029223779697108,0.26386744070660484,0.7533084512330148,0.0030865490315771307,0.149375,-28.241467186091473,2.2468276674476515,-0.1608840113734421,1.135847170376616,0.11083854719259205,0.2829435328339625,-0.003236153115523258,-0.027018993868688435,-0.39493907725898064,0.5258140369821909,0.1034603049811089,-0.019531017890377707,-0.032586131588017285,0.06327235971529863,0.036425625924004695,0.01183102700691549,0.008150530817031104,0.016462937486491636,0.013601799459988876,0.027186035557519403,0.0024175976457729304,0.007200681589382991,0.018367305292941363,0.05526244505552712,0.03704474989705812,0.018688780775961,sheep
0.04001250390747108,0.0001138126980409042,1.6272989869889571,0.14473940971479168,0.247008351382974,0.13804983105826005,0.006583728365976317,0.07,-30.569198742573224,4.228437004053174,-0.665423057105247,-0.5782724684782646,-0.4775060877821435,0.1436114136182617,0.6158644540722005,0.5991587361858806,-0.25745901474093086,-0.10779203342406296,-0.13008914567792898,0.43318280667369824,0.7648911969535683,0.005058894029212895,0.03088908816465104,0.03982492935511419,0.01436400192049568,0.011587094443431855,0.004962098851431987,0.0075638535978708584,0.0011767829501804362,0.000900162960210569,0.008835057829941524,0.006592902409604311,0.006490740047896791,0.011406753258380664,sheep
0.045014066895904974,0.0003566738086254896,2.78535793233799,0.15481249187505067,0.2507370431615872,0.14057632139317683,0.002926740855130976,0.068125,-28.807394544026664,4.04992775275883,-0.44645266595776306,-0.4112100210310355,-0.2646051296396994,0.28655867632456733,0.5769461929983245,0.46512474933288356,-0.1288804409548755,-0.2197969022475,-0.10720633391711515,0.4301135676337864,0.5922405571295636,0.00636544707484192,0.023750129198888487,0.03944474171908225,0.019361634287558133,0.016631616025033005,0.003941229930294543,0.0030442821991595957,0.006990236785997188,0.00122469837086923,0.0043192800657156066,0.006431951378160982,0.004922015070533621,0.01087942338336228,sheep
0.03251015942482026,0.0011363148095967584,2.9890050733790043,0.11522235077468054,0.22951018785884145,0.0543297140400306,0.0059888857262939445,0.06125,-28.875924666498282,5.062598784659213,-0.5225229446371193,0.00648033743990166,-0.5305508542938953,0.6294451044602954,0.24816470530120638,0.7467740956778355,0.05650755651979269,0.018800693649785746,0.06792971069663617,0.6942871454362888,0.5247722838479898,0.01166510050921362,0.017500684529585392,0.05849837735316452,0.17249334702609784,0.02975600611306084,0.0023704980166030327,0.0046273212141437646,0.007010710056124817,0.0018341638310827558,0.0026148028310131063,0.001983275309955623,0.010066035579466026,0.04667231452992979,sheep
0.027195998749609252,0.001798162670354949,3.2524853226969324,0.1306129707529307,0.23658460314260116,0.06491985421435448,0.004178776956573428,0.05875,-27.50330540803325,4.061204238030157,0.23138582864581897,-0.010811920472135741,-0.2923347091146132,0.30702831286688337,0.3064273423315778,0.43848818910086385,0.3503412982876347,0.145540226561289,0.23090161826709785,0.5524292667728266,0.5837256473638346,0.005544878313132153,0.054247847846459155,0.06088728164819841,0.03182603276203662,0.057456714697792254,0.008161269464060993,0.01040006888533008,0.01094977075433953,0.002036258637415167,0.0037411443706813546,0.01032174522276399,0.002236488400096311,0.02213696501870291,sheep
0.030634573304157548,0.0015527050719369487,3.238222105757558,0.11806402446844856,0.23118847635426942,0.06728905128643489,0.0033964523611912144,0.060625,-28.31434370018402,4.922950751969552,-0.3041712356929935,0.3758039883562131,-1.0055020671941266,0.607399923425112,-0.15411725520505323,0.9967359170706471,0.0724229083613239,0.11571179523421017,-0.08240638742767224,0.8057649690736814,0.5005142460490527,0.01388470908386906,0.03344936774345399,0.006675770352677329,0.07525453067531533,0.09055405437214029,0.004219733365009296,0.0045513094064844285,0.009755953278092772,0.0005020221540104186,0.002492321404582434,0.0015115489218916474,0.009594361924390006,0.029073551308187506,sheep
0.028133791809940606,0.001811414506667039,3.1264323418321283,0.12496967388465433,0.23593958426345277,0.06510394893653373,0.008563538183582202,0.060625,-28.273505025169907,4.877452430034077,-0.6574060897473547,0.1909083016946516,-0.9629398266170096,0.6793121584964547,-0.1795905725149296,1.0715193203493343,0.008089308038173548,0.31823837705472147,-0.10733161384208888,0.7229734479930479,0.2916803674238969,0.0032629585519119864,0.004051919893734026,0.005795024481108679,0.03602496430684648,0.01282210459801694,0.0016764347321816977,0.003112256378962497,0.013571854214014769,0.0005646265300623063,0.002291808055309565,0.003326871339876601,0.004982932231943884,0.009414406358447753,sheep
0.025633010315723664,0.002647038935557155,3.1771905084122123,0.128059180883722,0.23736454155896147,0.05493219721612041,0.004426281695200456,0.06,-27.585074373964964,4.633976570125671,-0.2542567636155462,-0.12781443484963867,-0.6416874174047277,0.2810715684195348,0.16068734602943072,0.6556876003454808,0.09282377713020187,0.05424169312699497,0.15106879772097995,0.4611069297241507,0.4518019066609497,0.0035102503372661754,0.010463005751928928,0.012641698605136819,0.004331560048574571,0.0029668206419210417,0.016705692379953136,0.004270423960011512,0.029503007546594195,0.002104152858843568,0.0014248671771732882,0.0016686408587568984,0.00020281253781287157,0.008237632638869289,sheep
0.03469834323226008,0.002323547301933285,3.1795607156966836,0.1295954205060116,0.23802275588956207,0.07678425252913224,0.007122901151343139,0.060625,-27.061532816967233,4.562762771519296,-0.06442250804845802,-0.05962365011516064,-0.7966247798692055,0.12107576959804034,0.18151510213596825,0.6907122544387474,0.20157795319517155,0.012703667165505387,0.17384567043802082,0.36772806205610387,0.46936223942343874,0.004414016710743601,0.016594053985022585,0.006181605682799814,0.058532138784796885,0.016729418938503503,0.02385037921411903,0.011103125829621158,0.015359604221981162,0.01017177223838445,0.0013616505610366248,0.003030580424116892,0.0012115885762940036,0.015043851210418367,sheep
0.03344795248515161,0.0030529635499774834,2.95049090810312,0.12930308764923765,0.23723981613544576,0.0733062888169506,0.003483434616901428,0.0575,-26.74378078114824,4.420501543466484,0.05805395431382719,0.20843371510462894,-0.6398695169131804,0.06714667299842414,0.2572285303692482,0.6109667699273577,0.075432005797179,0.07788363061985444,0.23321939364827368,0.23801887187104748,0.43262781133773315,0.008991289426241016,0.0029605001763477324,0.012825049129819225,0.023090971873232728,0.11071482801034338,0.01569942084961474,0.005925125768771504,0.00512367018762595,0.00295852043209468,0.002373903855711795,0.0029126951803169544,0.0029851447169761984,0.02910466807982147,sheep
0.022507033447952487,0.004529378149940158,3.0824315419907533,0.11532197097870474,0.2290726866098688,0.047221407120816364,0.006874537220944352,0.041875,-27.43963695726387,5.025767705893609,-0.6890265009225964,0.9204534500406155,-1.0056852309983242,0.6498779077065417,0.04701065053470998,0.8452769260442293,-0.18516568627366758,0.4140180007130117,0.19410855817952744,0.3876644706725644,0.29066729306117434,0.00957788299164723,0.0016035296545761077,0.005405736888178718,0.08933096476897619,0.2603165079538435,0.007679194404910871,0.005950410032013649,0.002537424157525511,0.00046422038896879234,0.0017301438384872334,0.002894848967194273,0.002107140473188853,0.07264995754646261,sheep
0.025633010315723664,0.0035576212064770446,3.0912742173120398,0.11358829443353645,0.22813185735194794,0.055206542077398287,0.005003411680719028,0.043125,-27.473139819752657,5.184284405105027,-0.7015486192834586,0.8152195349666768,-1.0357784368687328,0.578373593775659,0.10742317986511908,0.8680748635407943,-0.12943211179822586,0.4828733805030278,0.20059970013145043,0.37923661651652957,0.23911641708051612,0.008261276454203615,0.005211630016126152,0.006693884114469339,0.013224755675562652,0.20142019249559573,0.01416612765524805,0.003097455136025843,0.008001837258100372,0.004386107249715417,0.004869290234926046,0.0039820441896244,0.009676836526364193,0.05372637083915143,sheep
0.02469521725539231,0.004003069510575206,3.0429901330735234,0.11787964526603828,0.23044524505820038,0.05285600975918785,0.005206707807380102,0.043125,-27.05575887388483,4.709401519687682,-0.15943890129520352,0.3939139670956205,-0.6721307393827998,0.03731162762104118,0.43519081955485645,0.6346927982594588,0.06448172586516439,0.35127622223355354,0.3678685273937721,0.2624776323618594,0.3329678172757024,0.012973608220676495,0.0027685025722572545,0.0072175641567660325,0.011080654933221384,0.17181731187069615,0.04509612546507012,0.008105141051311864,0.023844296203996772,0.003346959500946934,0.002167145847600362,0.005782645216909887,0.0017877526343821762,0.04590910676355738,sheep
0.025320412628946545,0.004939514469634303,3.0273145004418054,0.11738760655045427,0.23024683632799198,0.0628373556274412,0.002658482631663538,0.045,-26.592516425236163,4.812853300368885,-0.5068770494734285,0.44289772375054076,-0.5148341371189281,0.08683056987561677,0.43939511482483806,0.633140868176648,0.05852610004725475,0.2398605215611479,0.44190044249882154,0.3362560146307133,0.35358572138308036,0.007465628205130054,0.001765196071659102,0.009010439346865146,0.03968793248011258,0.13693209238323398,0.05919248171928454,0.009989530317289884,0.013939181389786837,0.0038881800983492885,0.007878861533669746,0.011737537823757941,0.0041585326010232905,0.0373170343871357,sheep
0.029696780243826194,0.0038797670239828896,3.0434363862431026,0.12773824436870002,0.23695505475679374,0.08534914512420202,0.004661557143751562,0.058125,-26.48212715043068,4.6391575349941965,-0.5172988476060965,0.4851724896769709,-0.5691565387878502,0.08752176771922683,0.4242219331040059,0.515571777895148,0.045277563009428264,-0.0016281229760539537,0.29543829232405017,0.4008224142332153,0.36053028671026255,0.005872489110505237,0.008535666709037083,0.02312346088135318,0.005389656659943722,0.04520918043393035,0.0056697742694670015,0.012949079251684328,0.009081647865055137,0.0016323299260569753,0.011087500799589511,0.0035519386595961916,0.0051329866521834305,0.011519363599306484,sheep
0.027195998749609252,0.0034080255539399463,3.1526236367493032,0.13875821265597293,0.2424413775446392,0.08750940795702875,0.005085581862899944,0.049375,-26.2864955221121,4.227148507750116,-0.31203966896091034,0.235925610792867,-0.506638151518602,0.013871607257542945,0.5137612967255898,0.3569964485931196,0.21275916361117547,0.20325017371139767,0.21945360008533712,0.4430483412225337,0.3482775949871783,0.010010533275708076,0.001301979376354545,0.04702469437022734,0.016182016498233413,0.17367787936662968,0.005909491797396209,0.003907130566880189,0.008458519830286133,0.0038919713384899385,0.005157893887999347,0.005494541931627169,0.0026648285253701924,0.04675610741613334,sheep
0.025945608002500783,0.004583758853320205,3.043269560997202,0.12690358358999346,0.23607793272135083,0.07879543889875218,0.0031926125933716557,0.049375,-26.17369186791699,4.6048338189199605,-0.25024924488825323,0.3721723778982257,-0.6328053485756714,-0.17305097282085274,0.5887268187426743,0.41544683116475656,0.16699362188254477,0.26414108524423413,0.25151420481555986,0.2697556932360701,0.2584472401872761,0.003408818248679871,0.00899924164444856,0.011073782339917007,0.012382618569907947,0.11087164022412441,0.05925180127605408,0.011396919593182755,0.0015042059151811145,0.005628943768868804,0.001531772539644396,0.0016688008469413766,0.004169554401046148,0.031460566752870706,sheep
0.02469521725539231,0.006243634805226087,3.107645558145267,0.13543624573243596,0.23961740696917022,0.07808164495407158,0.003017644183981789,0.043125,-25.697467164945166,4.086134066365262,0.05549470154589254,0.21809203068456726,-0.33772604528276357,-0.11145626267094073,0.4970933648381365,0.5327588802250621,0.14048801965682095,0.21521028985171878,0.35390363647586637,0.4204559662992032,0.24058813787735486,0.002000573477563686,0.009170919648991258,0.0023796996155320857,0.028888192751615173,0.04448211413619713,0.1352047569278711,0.012556636080706379,0.0009984421595331304,0.0033560952283816976,0.006510738124662274,0.0060451614238201225,0.002084753798120515,0.036603481822491984,sheep
0.02188183807439825,0.010066491930585448,3.1397052069731872,0.11233103843851718,0.22756795892686255,0.04651849064346049,0.011197914296510566,0.041875,-26.687547030253047,5.287498417562021,-0.7441109002367335,0.7014535698257328,-0.8079655842176148,-0.10676390970933093,0.5147321894994631,0.6581956273106053,0.10598701490516721,0.27828124684790034,0.32240708181828276,0.538973219128752,0.3216438996232761,0.000698975660161918,0.013726615674726142,0.009855481955236393,0.005184286367021287,0.06561072720977039,0.0022284739108669248,0.004734117198915176,0.010829596513461154,0.0069447347722444664,0.00027574516226235924,0.0007844262915162347,0.0022980389014579626,0.017205330522108986,sheep
0.023444826508283837,0.009661326798769859,3.148526079767672,0.12982507028194398,0.2369526014413139,0.05508899662941554,0.005578663279024003,0.041875,-25.735980303132806,4.230428040206349,-0.01694191819932635,0.16238096240665928,-0.43425523609266153,-0.07588976966828506,0.5785220219420878,0.5927558235557808,0.10977592143187505,0.19852511053598215,0.43183823246450226,0.3511884885616372,0.08756566465057507,0.000614152809128845,0.0036612792051885345,0.002465326313007742,0.0064691593569468995,0.10420178149334003,0.05938432736888524,0.00426804660351976,0.009788660399623485,0.001015443208806092,0.002731059752663457,0.00047665291686205903,0.0011312251907611805,0.030770857061842,sheep
0.026570803376055017,0.005879564624794078,3.271553607074805,0.14556325439318235,0.24463526111438563,0.07915112495556617,0.009385677537507514,0.043125,-26.033548370292834,3.795072463849167,0.0331110587086005,0.443492007504138,-0.42009117228442966,-0.12472586947771806,0.4748223626772964,0.6708089587109485,0.3460909291186097,0.15454727324272893,0.2924772091815215,0.19211280963048175,-0.026592567546247326,0.0009046094873352573,0.0016468477513662243,0.0014879657190179116,0.0015411065149276994,0.002874882604639896,0.25126462861808546,0.01795410680674405,0.0021650441086401183,0.0015534942590540242,0.005151297246292333,0.001129255138092763,0.0002255487953836433,0.06867827655938853,sheep
0.026570803376055017,0.00640003636455957,3.277972439946134,0.1350493716248823,0.23946115699343323,0.06557925158382259,0.0008249746420360677,0.046875,-25.886625384883384,4.156490282822418,0.15619981011243847,0.26697952767355226,-0.46300089908117337,-0.1358176777561223,0.4655848227753857,0.513249827027761,0.10054611615807327,0.18722817456885685,0.24411327089094306,0.18565934564886993,0.15626240787381745,0.0016512433022559878,0.003841848188977322,0.0013817232383956954,0.0022930813685645346,0.0032191042018740144,0.23009229420814295,0.02178239217787165,0.0030063240935352506,0.002619850651108582,0.005909956325060455,0.0013791099423405512,0.001297820094235763,0.0626125783301938,sheep
0.025945608002500783,0.007754922467144641,3.2611583718384827,0.11315602377691278,0.22746470191890397,0.04678884644533068,0.001943092154000714,0.04625,-26.292935957396473,5.005244664488698,-0.24230063039198727,0.2648775948547219,-0.6016652583727127,0.012161583405748673,0.5303766999975813,0.42359798948010496,0.19382144395399073,0.285706555365524,0.2757512898196322,0.2669727899800733,0.21697107377374197,0.001890672652290872,0.00744197147062634,0.0012244351731615427,0.0018204370845148986,0.021941572719315537,0.15681294992118294,0.02316754678002605,0.004598868094083015,0.0024435044680300804,0.0030997589984092144,0.0025854099432148967,0.0012662702809064308,0.04220396923099867,sheep
0.02438261956861519,0.0068449198566069396,3.2010973629006547,0.11277096901246526,0.22757397764767945,0.050834111807204804,0.002314365185699253,0.046875,-26.336544278015474,5.203839538271308,-0.4171694557727665,0.17735699315949371,-0.5165428555905047,-0.00084775315578533,0.3811746930470199,0.49844812568070695,0.1939650677814042,0.2783815508840212,0.3660928907136937,0.3217324144335683,0.2102359812629144,0.0043356629219417535,0.013159235109778275,0.009605308963660903,0.008226693655940443,0.008986343875528527,0.11411020042886248,0.015300714712560115,0.001882271128061545,0.0024355543652771735,0.006337230420203339,0.0020210134285082713,0.0029602954299787166,0.029947556705207466,sheep
0.022507033447952487,0.007007481235821472,3.1914599955914666,0.1202983819095906,0.2315925595241185,0.06031422196590135,0.002095554747724003,0.05375,-25.7665994893483,4.698845778932551,-0.09523170257533851,0.06504448720225929,-0.35480661312775025,0.010875845230382056,0.40581087531822346,0.5145146865478052,0.2230632037936165,0.08844238928103174,0.173374288576878,0.30908480749613637,0.24631663411378021,0.0044309913187052,0.010425692988558081,0.03648139974332113,0.014826428332804413,0.016232763718473677,0.12291306343966885,0.01573436441020727,0.0057191561111686745,0.0031174257946935398,0.004667243623851288,0.002193652461576841,0.0016387506222651925,0.032447380974485955,sheep
0.023444826508283837,0.007916470713939154,3.257799779825781,0.11626707943570386,0.22930415783474825,0.0564351904986114,0.002211892955865916,0.05125,-25.893612495981518,4.84629389240984,-0.20600195456044962,0.23206089476786473,-0.3943607829331497,-0.015361653157853464,0.482014303326623,0.7006095417381418,0.23107865532532654,0.052761014422355715,0.1804318748340785,0.2346477488901281,0.138402312570811,0.0016349462420221022,0.004603358394464335,0.02990383678431572,0.0183152032024137,0.018185975625311827,0.19996545057097562,0.01181850706459469,0.008776856653881315,0.007034558518871865,0.003835324710636556,0.0012804816415161561,0.0018248275814112954,0.05322364317555933,sheep
0.02313222882150672,0.00677398089941807,3.2103679124855726,0.11808815142951122,0.2316596123817677,0.07018056527629055,0.004816031388534712,0.048125,-26.233419668397428,5.335482628009622,-0.9157756983620894,0.7537378467758511,-0.765771368437879,0.1892424849361602,0.3461671152447225,0.6936948607135979,-0.04534464663858471,0.04238165305763096,0.2212697946179719,0.24647032250407314,0.11788409553729823,0.0016568149742585672,0.0014980871712376221,0.10298833420364754,0.015320984214227115,0.009551678386027733,0.07136622876650711,0.005902004653758365,0.012142922048174788,0.001547043707147975,0.008696193354648976,0.001550530466848677,0.0011151093511317404,0.03130162787387419,sheep
0.023757424195060956,0.007389468820949208,3.1915701864123944,0.11505678099633317,0.22949584102915851,0.0650703757075248,0.00404003292641835,0.0475,-26.507392531182173,5.396161459531833,-1.1588251373798744,0.9257740485940699,-0.8995957451926386,0.4619825189374848,0.26199973204626303,0.8229926579131597,0.055505859227936355,0.3115118504426704,0.2632612795115942,0.2681478663270224,0.027802582503555613,0.00014078399373064653,0.002406905115554888,0.03795876301124466,0.021687853599041268,0.013942210470510774,0.18013582673714199,0.011395556309551103,0.009824550127779818,0.004051619052432576,0.004343889180110621,0.0017056032091726243,0.0022789270635878295,0.048155945868929725,sheep
0.02469521725539231,0.007795925065574575,3.2417336553173097,0.1327284119376472,0.23863305025053194,0.07018581515246976,0.002942805030396262,0.048125,-25.500917863831447,4.300475660824662,-0.1345804980253646,0.012209467752776534,-0.16214832848539898,0.12553146429335324,0.4540144465332952,0.6779698783053619,0.19584405984561,0.05514788867951068,0.31452773008097,0.3109947176709862,0.08394174642170203,0.0010522743410634116,0.006565187610713956,0.0614327617678813,0.012671164835263092,0.0025086857151405562,0.10134986923416273,0.006648290390785049,0.005277909773505479,0.001553316590828483,0.006012845263137411,0.0009633135169713813,0.0011497992999866158,0.029989671159564437,sheep
0.023757424195060956,0.006922288996206576,3.161108748526141,0.11723113561566838,0.23034687302602808,0.06504527980637326,0.0018742293630568982,0.05125,-25.953415912113663,4.964885015627792,-0.5500342282942623,0.1793630582009007,-0.33011035794181975,0.2580100136880956,0.4165958211104072,0.4680390007712808,0.18961391605212755,0.05703402351935716,0.27450663831204164,0.3860433322175725,0.2484657523719963,0.0017972363743476477,0.014817106788019223,0.045609088102044136,0.017505776015480742,0.01962659984045908,0.09708476163340435,0.006144977067324466,0.010939756209487549,0.003851804273220304,0.004385718050996252,0.002053577679573461,0.0027617819612872443,0.02637120791063284,sheep
0.02469521725539231,0.005487851078910397,3.0971984133327095,0.11338313859714744,0.22757726483419613,0.06541283511143595,0.0015484162703767964,0.043125,-26.453130115209337,4.9636619218173355,-0.568182481190685,0.4805525837394367,-0.39245114156617034,0.31316627078807463,0.36869743913445974,0.5568224803482187,0.23850820646914114,0.06814516689947532,0.2627633476846851,0.3552888232093636,0.30611605823030197,0.0011039611865021458,0.00705131342214871,0.0433181759810365,0.017856658826314046,0.03747411422395949,0.10980310761242519,0.015280658874449096,0.017376856560797346,0.0024179952189523025,0.005713118878075652,0.0028394063752459,0.0017567721542175745,0.02968219803245852,sheep
